depth_m,mm_per_m_tide,mm_per_m_tide_err
25.211,1.10481,0.05516
26.603,1.23998,0.06261
28.383,1.38205,0.06342
30.271,1.54544,0.06758
34.041,1.72587,0.06574
35.617,1.86795,0.07807
36.257,1.91005,0.07518
38.265,2.01014,0.07589
41.934,2.18935,0.06760
43.015,2.20668,0.07392
43.739,2.27164,0.07547
46.961,2.43946,0.08445
49.374,2.60978,0.08088
50.635,2.66233,0.08075
52.320,2.72383,0.09039
54.648,2.89599,0.08922
56.724,3.02079,0.09126
59.121,3.13896,0.07763
60.926,3.26086,0.07575
62.520,3.17920,0.08483
64.468,3.14994,0.10051
65.487,3.20082,0.10535
69.227,3.52324,0.10539
70.467,3.51538,0.10100
73.697,3.63084,0.10811
75.049,3.70874,0.11015
75.486,3.77005,0.11077
77.999,3.69397,0.13967
80.948,3.67217,0.11250
82.882,3.87011,0.11448
84.153,4.12615,0.10853
87.953,3.51589,0.09334
89.508,2.63241,0.10039
89.885,2.47201,0.10370
93.084,2.55371,0.08484
94.978,3.26144,0.07531
96.449,3.57570,0.08454
99.644,3.79216,0.09489
100.796,3.82319,0.09887
102.203,3.94071,0.10519
104.854,3.93556,0.11712
107.353,3.69303,0.11042
108.679,3.60902,0.09011
111.421,4.04583,0.13560
113.805,4.44021,0.14118
114.831,4.49887,0.15625
116.299,4.33757,0.12951
120.593,4.06501,0.10879
121.981,4.20064,0.11129
122.317,4.18480,0.11243
124.610,4.13147,0.11910
127.268,3.86423,0.12288
128.453,3.75046,0.13749
130.856,3.82419,0.15568
132.661,3.77940,0.15659
135.535,3.91089,0.12891
137.034,3.88258,0.11160
139.218,4.28518,0.11369
141.968,4.92881,0.11978
143.573,4.81569,0.10476
145.500,4.43598,0.10591
148.160,4.24832,0.10389
149.725,4.07580,0.11932
150.470,4.06353,0.11820
152.545,4.02387,0.12404
156.290,4.14127,0.11901
157.394,4.28577,0.11954
157.995,4.30449,0.11806
158.938,4.35734,0.11560
164.056,3.58132,0.12173
166.477,4.28300,0.13257
167.601,4.51964,0.13447
168.994,4.34608,0.12487
171.904,4.14642,0.14268
173.448,3.98388,0.13948
174.891,3.94352,0.13652
177.106,3.83538,0.13018
178.723,3.89782,0.12801
181.887,4.02694,0.14622
182.895,4.00970,0.15260
183.515,3.82697,0.15116
187.609,3.42379,0.13219
190.216,3.48934,0.11549
191.031,3.57611,0.11725
192.064,3.34752,0.11896
194.509,2.88646,0.13813
198.004,2.87482,0.13507
199.475,2.84715,0.12587
200.177,2.75648,0.12784
202.592,2.80895,0.14347
205.648,3.37408,0.16752
207.091,3.78244,0.16762
209.056,3.61705,0.15852
210.384,3.33000,0.16412
213.601,3.37859,0.13983
215.754,3.57357,0.13236
216.935,3.42218,0.13534
218.957,3.20726,0.12038
222.683,2.86490,0.11765
223.642,2.87471,0.11729
