datenum,iso,tide_m
738862.0000000000,2022-12-07T00:00:00,-0.438591
738862.0034722222,2022-12-07T00:05:00,-0.441257
738862.0069444445,2022-12-07T00:10:00,-0.443759
738862.0104166666,2022-12-07T00:15:00,-0.446093
738862.0138888889,2022-12-07T00:20:00,-0.448255
738862.0173611111,2022-12-07T00:25:00,-0.450241
738862.0208333334,2022-12-07T00:30:00,-0.452048
738862.0243055555,2022-12-07T00:35:00,-0.453672
738862.0277777778,2022-12-07T00:40:00,-0.455110
738862.0312500000,2022-12-07T00:45:00,-0.456358
738862.0347222222,2022-12-07T00:50:00,-0.457414
738862.0381944445,2022-12-07T00:55:00,-0.458272
738862.0416666666,2022-12-07T01:00:00,-0.458931
738862.0451388889,2022-12-07T01:05:00,-0.459388
738862.0486111111,2022-12-07T01:10:00,-0.459638
738862.0520833334,2022-12-07T01:15:00,-0.459679
738862.0555555555,2022-12-07T01:20:00,-0.459508
738862.0590277778,2022-12-07T01:25:00,-0.459122
738862.0625000000,2022-12-07T01:30:00,-0.458519
738862.0659722222,2022-12-07T01:35:00,-0.457696
738862.0694444445,2022-12-07T01:40:00,-0.456650
738862.0729166666,2022-12-07T01:45:00,-0.455379
738862.0763888889,2022-12-07T01:50:00,-0.453881
738862.0798611111,2022-12-07T01:55:00,-0.452154
738862.0833333334,2022-12-07T02:00:00,-0.450195
738862.0868055555,2022-12-07T02:05:00,-0.448004
738862.0902777778,2022-12-07T02:10:00,-0.445578
738862.0937500000,2022-12-07T02:15:00,-0.442916
738862.0972222222,2022-12-07T02:20:00,-0.440016
738862.1006944445,2022-12-07T02:25:00,-0.436878
738862.1041666666,2022-12-07T02:30:00,-0.433501
738862.1076388889,2022-12-07T02:35:00,-0.429883
738862.1111111111,2022-12-07T02:40:00,-0.426024
738862.1145833334,2022-12-07T02:45:00,-0.421924
738862.1180555555,2022-12-07T02:50:00,-0.417582
738862.1215277778,2022-12-07T02:55:00,-0.412999
738862.1250000000,2022-12-07T03:00:00,-0.408175
738862.1284722222,2022-12-07T03:05:00,-0.403109
738862.1319444445,2022-12-07T03:10:00,-0.397802
738862.1354166666,2022-12-07T03:15:00,-0.392257
738862.1388888889,2022-12-07T03:20:00,-0.386472
738862.1423611111,2022-12-07T03:25:00,-0.380449
738862.1458333334,2022-12-07T03:30:00,-0.374191
738862.1493055555,2022-12-07T03:35:00,-0.367698
738862.1527777778,2022-12-07T03:40:00,-0.360972
738862.1562500000,2022-12-07T03:45:00,-0.354016
738862.1597222222,2022-12-07T03:50:00,-0.346831
738862.1631944445,2022-12-07T03:55:00,-0.339420
738862.1666666666,2022-12-07T04:00:00,-0.331786
738862.1701388889,2022-12-07T04:05:00,-0.323932
738862.1736111111,2022-12-07T04:10:00,-0.315861
738862.1770833334,2022-12-07T04:15:00,-0.307575
738862.1805555555,2022-12-07T04:20:00,-0.299079
738862.1840277778,2022-12-07T04:25:00,-0.290377
738862.1875000000,2022-12-07T04:30:00,-0.281472
738862.1909722222,2022-12-07T04:35:00,-0.272369
738862.1944444445,2022-12-07T04:40:00,-0.263072
738862.1979166666,2022-12-07T04:45:00,-0.253585
738862.2013888889,2022-12-07T04:50:00,-0.243914
738862.2048611111,2022-12-07T04:55:00,-0.234063
738862.2083333334,2022-12-07T05:00:00,-0.224037
738862.2118055555,2022-12-07T05:05:00,-0.213842
738862.2152777778,2022-12-07T05:10:00,-0.203484
738862.2187500000,2022-12-07T05:15:00,-0.192968
738862.2222222222,2022-12-07T05:20:00,-0.182299
738862.2256944445,2022-12-07T05:25:00,-0.171485
738862.2291666666,2022-12-07T05:30:00,-0.160532
738862.2326388889,2022-12-07T05:35:00,-0.149444
738862.2361111111,2022-12-07T05:40:00,-0.138231
738862.2395833334,2022-12-07T05:45:00,-0.126897
738862.2430555555,2022-12-07T05:50:00,-0.115450
738862.2465277778,2022-12-07T05:55:00,-0.103896
738862.2500000000,2022-12-07T06:00:00,-0.092244
738862.2534722222,2022-12-07T06:05:00,-0.080500
738862.2569444445,2022-12-07T06:10:00,-0.068671
738862.2604166666,2022-12-07T06:15:00,-0.056765
738862.2638888889,2022-12-07T06:20:00,-0.044789
738862.2673611111,2022-12-07T06:25:00,-0.032751
738862.2708333334,2022-12-07T06:30:00,-0.020659
738862.2743055555,2022-12-07T06:35:00,-0.008521
738862.2777777778,2022-12-07T06:40:00,0.003656
738862.2812500000,2022-12-07T06:45:00,0.015863
738862.2847222222,2022-12-07T06:50:00,0.028093
738862.2881944445,2022-12-07T06:55:00,0.040338
738862.2916666666,2022-12-07T07:00:00,0.052589
738862.2951388889,2022-12-07T07:05:00,0.064838
738862.2986111111,2022-12-07T07:10:00,0.077078
738862.3020833334,2022-12-07T07:15:00,0.089300
738862.3055555555,2022-12-07T07:20:00,0.101497
738862.3090277778,2022-12-07T07:25:00,0.113658
738862.3125000000,2022-12-07T07:30:00,0.125778
738862.3159722222,2022-12-07T07:35:00,0.137848
738862.3194444445,2022-12-07T07:40:00,0.149859
738862.3229166666,2022-12-07T07:45:00,0.161803
738862.3263888889,2022-12-07T07:50:00,0.173673
738862.3298611111,2022-12-07T07:55:00,0.185461
738862.3333333334,2022-12-07T08:00:00,0.197159
738862.3368055555,2022-12-07T08:05:00,0.208758
738862.3402777778,2022-12-07T08:10:00,0.220252
738862.3437500000,2022-12-07T08:15:00,0.231632
738862.3472222222,2022-12-07T08:20:00,0.242891
738862.3506944445,2022-12-07T08:25:00,0.254022
738862.3541666666,2022-12-07T08:30:00,0.265017
738862.3576388889,2022-12-07T08:35:00,0.275870
738862.3611111111,2022-12-07T08:40:00,0.286572
738862.3645833334,2022-12-07T08:45:00,0.297117
738862.3680555555,2022-12-07T08:50:00,0.307498
738862.3715277778,2022-12-07T08:55:00,0.317709
738862.3750000000,2022-12-07T09:00:00,0.327743
738862.3784722222,2022-12-07T09:05:00,0.337593
738862.3819444445,2022-12-07T09:10:00,0.347253
738862.3854166666,2022-12-07T09:15:00,0.356718
738862.3888888889,2022-12-07T09:20:00,0.365982
738862.3923611111,2022-12-07T09:25:00,0.375038
738862.3958333334,2022-12-07T09:30:00,0.383881
738862.3993055555,2022-12-07T09:35:00,0.392506
738862.4027777778,2022-12-07T09:40:00,0.400908
738862.4062500000,2022-12-07T09:45:00,0.409081
738862.4097222222,2022-12-07T09:50:00,0.417022
738862.4131944445,2022-12-07T09:55:00,0.424726
738862.4166666666,2022-12-07T10:00:00,0.432187
738862.4201388889,2022-12-07T10:05:00,0.439403
738862.4236111111,2022-12-07T10:10:00,0.446369
738862.4270833334,2022-12-07T10:15:00,0.453082
738862.4305555555,2022-12-07T10:20:00,0.459538
738862.4340277778,2022-12-07T10:25:00,0.465734
738862.4375000000,2022-12-07T10:30:00,0.471667
738862.4409722222,2022-12-07T10:35:00,0.477334
738862.4444444445,2022-12-07T10:40:00,0.482732
738862.4479166666,2022-12-07T10:45:00,0.487860
738862.4513888889,2022-12-07T10:50:00,0.492715
738862.4548611111,2022-12-07T10:55:00,0.497295
738862.4583333334,2022-12-07T11:00:00,0.501600
738862.4618055555,2022-12-07T11:05:00,0.505626
738862.4652777778,2022-12-07T11:10:00,0.509373
738862.4687500000,2022-12-07T11:15:00,0.512841
738862.4722222222,2022-12-07T11:20:00,0.516028
738862.4756944445,2022-12-07T11:25:00,0.518934
738862.4791666666,2022-12-07T11:30:00,0.521558
738862.4826388889,2022-12-07T11:35:00,0.523901
738862.4861111111,2022-12-07T11:40:00,0.525963
738862.4895833334,2022-12-07T11:45:00,0.527744
738862.4930555555,2022-12-07T11:50:00,0.529244
738862.4965277778,2022-12-07T11:55:00,0.530465
738862.5000000000,2022-12-07T12:00:00,0.531407
738862.5034722222,2022-12-07T12:05:00,0.532072
738862.5069444445,2022-12-07T12:10:00,0.532461
738862.5104166666,2022-12-07T12:15:00,0.532575
738862.5138888889,2022-12-07T12:20:00,0.532417
738862.5173611111,2022-12-07T12:25:00,0.531988
738862.5208333334,2022-12-07T12:30:00,0.531290
738862.5243055555,2022-12-07T12:35:00,0.530327
738862.5277777778,2022-12-07T12:40:00,0.529099
738862.5312500000,2022-12-07T12:45:00,0.527611
738862.5347222222,2022-12-07T12:50:00,0.525864
738862.5381944445,2022-12-07T12:55:00,0.523863
738862.5416666666,2022-12-07T13:00:00,0.521609
738862.5451388889,2022-12-07T13:05:00,0.519106
738862.5486111111,2022-12-07T13:10:00,0.516358
738862.5520833334,2022-12-07T13:15:00,0.513368
738862.5555555555,2022-12-07T13:20:00,0.510140
738862.5590277778,2022-12-07T13:25:00,0.506677
738862.5625000000,2022-12-07T13:30:00,0.502985
738862.5659722222,2022-12-07T13:35:00,0.499065
738862.5694444445,2022-12-07T13:40:00,0.494924
738862.5729166666,2022-12-07T13:45:00,0.490564
738862.5763888889,2022-12-07T13:50:00,0.485991
738862.5798611111,2022-12-07T13:55:00,0.481208
738862.5833333334,2022-12-07T14:00:00,0.476221
738862.5868055555,2022-12-07T14:05:00,0.471033
738862.5902777778,2022-12-07T14:10:00,0.465650
738862.5937500000,2022-12-07T14:15:00,0.460076
738862.5972222222,2022-12-07T14:20:00,0.454315
738862.6006944445,2022-12-07T14:25:00,0.448373
738862.6041666666,2022-12-07T14:30:00,0.442255
738862.6076388889,2022-12-07T14:35:00,0.435964
738862.6111111111,2022-12-07T14:40:00,0.429507
738862.6145833334,2022-12-07T14:45:00,0.422888
738862.6180555555,2022-12-07T14:50:00,0.416112
738862.6215277778,2022-12-07T14:55:00,0.409183
738862.6250000000,2022-12-07T15:00:00,0.402108
738862.6284722222,2022-12-07T15:05:00,0.394890
738862.6319444445,2022-12-07T15:10:00,0.387535
738862.6354166666,2022-12-07T15:15:00,0.380048
738862.6388888889,2022-12-07T15:20:00,0.372433
738862.6423611111,2022-12-07T15:25:00,0.364696
738862.6458333334,2022-12-07T15:30:00,0.356841
738862.6493055555,2022-12-07T15:35:00,0.348873
738862.6527777778,2022-12-07T15:40:00,0.340798
738862.6562500000,2022-12-07T15:45:00,0.332619
738862.6597222222,2022-12-07T15:50:00,0.324341
738862.6631944445,2022-12-07T15:55:00,0.315970
738862.6666666666,2022-12-07T16:00:00,0.307510
738862.6701388889,2022-12-07T16:05:00,0.298965
738862.6736111111,2022-12-07T16:10:00,0.290339
738862.6770833334,2022-12-07T16:15:00,0.281639
738862.6805555555,2022-12-07T16:20:00,0.272866
738862.6840277778,2022-12-07T16:25:00,0.264027
738862.6875000000,2022-12-07T16:30:00,0.255126
738862.6909722222,2022-12-07T16:35:00,0.246166
738862.6944444445,2022-12-07T16:40:00,0.237151
738862.6979166666,2022-12-07T16:45:00,0.228087
738862.7013888889,2022-12-07T16:50:00,0.218976
738862.7048611111,2022-12-07T16:55:00,0.209822
738862.7083333334,2022-12-07T17:00:00,0.200630
738862.7118055555,2022-12-07T17:05:00,0.191403
738862.7152777778,2022-12-07T17:10:00,0.182145
738862.7187500000,2022-12-07T17:15:00,0.172859
738862.7222222222,2022-12-07T17:20:00,0.163549
738862.7256944445,2022-12-07T17:25:00,0.154219
738862.7291666666,2022-12-07T17:30:00,0.144871
738862.7326388889,2022-12-07T17:35:00,0.135508
738862.7361111111,2022-12-07T17:40:00,0.126135
738862.7395833334,2022-12-07T17:45:00,0.116754
738862.7430555555,2022-12-07T17:50:00,0.107368
738862.7465277778,2022-12-07T17:55:00,0.097980
738862.7500000000,2022-12-07T18:00:00,0.088593
738862.7534722222,2022-12-07T18:05:00,0.079210
738862.7569444445,2022-12-07T18:10:00,0.069833
738862.7604166666,2022-12-07T18:15:00,0.060465
738862.7638888889,2022-12-07T18:20:00,0.051109
738862.7673611111,2022-12-07T18:25:00,0.041767
738862.7708333334,2022-12-07T18:30:00,0.032442
738862.7743055555,2022-12-07T18:35:00,0.023135
738862.7777777778,2022-12-07T18:40:00,0.013849
738862.7812500000,2022-12-07T18:45:00,0.004588
738862.7847222222,2022-12-07T18:50:00,-0.004649
738862.7881944445,2022-12-07T18:55:00,-0.013857
738862.7916666666,2022-12-07T19:00:00,-0.023036
738862.7951388889,2022-12-07T19:05:00,-0.032183
738862.7986111111,2022-12-07T19:10:00,-0.041295
738862.8020833334,2022-12-07T19:15:00,-0.050372
738862.8055555555,2022-12-07T19:20:00,-0.059412
738862.8090277778,2022-12-07T19:25:00,-0.068411
738862.8125000000,2022-12-07T19:30:00,-0.077369
738862.8159722222,2022-12-07T19:35:00,-0.086284
738862.8194444445,2022-12-07T19:40:00,-0.095153
738862.8229166666,2022-12-07T19:45:00,-0.103976
738862.8263888889,2022-12-07T19:50:00,-0.112749
738862.8298611111,2022-12-07T19:55:00,-0.121473
738862.8333333334,2022-12-07T20:00:00,-0.130144
738862.8368055555,2022-12-07T20:05:00,-0.138762
738862.8402777778,2022-12-07T20:10:00,-0.147324
738862.8437500000,2022-12-07T20:15:00,-0.155828
738862.8472222222,2022-12-07T20:20:00,-0.164274
738862.8506944445,2022-12-07T20:25:00,-0.172659
738862.8541666666,2022-12-07T20:30:00,-0.180981
738862.8576388889,2022-12-07T20:35:00,-0.189239
738862.8611111111,2022-12-07T20:40:00,-0.197432
738862.8645833334,2022-12-07T20:45:00,-0.205556
738862.8680555555,2022-12-07T20:50:00,-0.213611
738862.8715277778,2022-12-07T20:55:00,-0.221595
738862.8750000000,2022-12-07T21:00:00,-0.229506
738862.8784722222,2022-12-07T21:05:00,-0.237341
738862.8819444445,2022-12-07T21:10:00,-0.245100
738862.8854166666,2022-12-07T21:15:00,-0.252780
738862.8888888889,2022-12-07T21:20:00,-0.260379
738862.8923611111,2022-12-07T21:25:00,-0.267895
738862.8958333334,2022-12-07T21:30:00,-0.275327
738862.8993055555,2022-12-07T21:35:00,-0.282672
738862.9027777778,2022-12-07T21:40:00,-0.289927
738862.9062500000,2022-12-07T21:45:00,-0.297092
738862.9097222222,2022-12-07T21:50:00,-0.304163
738862.9131944445,2022-12-07T21:55:00,-0.311139
738862.9166666666,2022-12-07T22:00:00,-0.318017
738862.9201388889,2022-12-07T22:05:00,-0.324795
738862.9236111111,2022-12-07T22:10:00,-0.331470
738862.9270833334,2022-12-07T22:15:00,-0.338041
738862.9305555555,2022-12-07T22:20:00,-0.344504
738862.9340277778,2022-12-07T22:25:00,-0.350857
738862.9375000000,2022-12-07T22:30:00,-0.357097
738862.9409722222,2022-12-07T22:35:00,-0.363223
738862.9444444445,2022-12-07T22:40:00,-0.369231
738862.9479166666,2022-12-07T22:45:00,-0.375119
738862.9513888889,2022-12-07T22:50:00,-0.380883
738862.9548611111,2022-12-07T22:55:00,-0.386522
738862.9583333334,2022-12-07T23:00:00,-0.392032
738862.9618055555,2022-12-07T23:05:00,-0.397410
738862.9652777778,2022-12-07T23:10:00,-0.402654
738862.9687500000,2022-12-07T23:15:00,-0.407761
738862.9722222222,2022-12-07T23:20:00,-0.412728
738862.9756944445,2022-12-07T23:25:00,-0.417551
738862.9791666666,2022-12-07T23:30:00,-0.422229
738862.9826388889,2022-12-07T23:35:00,-0.426757
738862.9861111111,2022-12-07T23:40:00,-0.431133
738862.9895833334,2022-12-07T23:45:00,-0.435353
738862.9930555555,2022-12-07T23:50:00,-0.439415
738862.9965277778,2022-12-07T23:55:00,-0.443316
738863.0000000000,2022-12-08T00:00:00,-0.447052
738863.0034722222,2022-12-08T00:05:00,-0.450621
738863.0069444445,2022-12-08T00:10:00,-0.454018
738863.0104166666,2022-12-08T00:15:00,-0.457242
738863.0138888889,2022-12-08T00:20:00,-0.460289
738863.0173611111,2022-12-08T00:25:00,-0.463157
738863.0208333334,2022-12-08T00:30:00,-0.465841
738863.0243055555,2022-12-08T00:35:00,-0.468339
738863.0277777778,2022-12-08T00:40:00,-0.470648
738863.0312500000,2022-12-08T00:45:00,-0.472765
738863.0347222222,2022-12-08T00:50:00,-0.474687
738863.0381944445,2022-12-08T00:55:00,-0.476411
738863.0416666666,2022-12-08T01:00:00,-0.477934
738863.0451388889,2022-12-08T01:05:00,-0.479254
738863.0486111111,2022-12-08T01:10:00,-0.480368
738863.0520833334,2022-12-08T01:15:00,-0.481273
738863.0555555555,2022-12-08T01:20:00,-0.481966
738863.0590277778,2022-12-08T01:25:00,-0.482446
738863.0625000000,2022-12-08T01:30:00,-0.482708
738863.0659722222,2022-12-08T01:35:00,-0.482752
738863.0694444445,2022-12-08T01:40:00,-0.482574
738863.0729166666,2022-12-08T01:45:00,-0.482173
738863.0763888889,2022-12-08T01:50:00,-0.481547
738863.0798611111,2022-12-08T01:55:00,-0.480692
738863.0833333334,2022-12-08T02:00:00,-0.479608
738863.0868055555,2022-12-08T02:05:00,-0.478293
738863.0902777778,2022-12-08T02:10:00,-0.476745
738863.0937500000,2022-12-08T02:15:00,-0.474962
738863.0972222222,2022-12-08T02:20:00,-0.472942
738863.1006944445,2022-12-08T02:25:00,-0.470686
738863.1041666666,2022-12-08T02:30:00,-0.468190
738863.1076388889,2022-12-08T02:35:00,-0.465456
738863.1111111111,2022-12-08T02:40:00,-0.462480
738863.1145833334,2022-12-08T02:45:00,-0.459263
738863.1180555555,2022-12-08T02:50:00,-0.455804
738863.1215277778,2022-12-08T02:55:00,-0.452103
738863.1250000000,2022-12-08T03:00:00,-0.448159
738863.1284722222,2022-12-08T03:05:00,-0.443971
738863.1319444445,2022-12-08T03:10:00,-0.439541
738863.1354166666,2022-12-08T03:15:00,-0.434869
738863.1388888889,2022-12-08T03:20:00,-0.429954
738863.1423611111,2022-12-08T03:25:00,-0.424796
738863.1458333334,2022-12-08T03:30:00,-0.419398
738863.1493055555,2022-12-08T03:35:00,-0.413760
738863.1527777778,2022-12-08T03:40:00,-0.407882
738863.1562500000,2022-12-08T03:45:00,-0.401766
738863.1597222222,2022-12-08T03:50:00,-0.395414
738863.1631944445,2022-12-08T03:55:00,-0.388826
738863.1666666666,2022-12-08T04:00:00,-0.382005
738863.1701388889,2022-12-08T04:05:00,-0.374954
738863.1736111111,2022-12-08T04:10:00,-0.367672
738863.1770833334,2022-12-08T04:15:00,-0.360165
738863.1805555555,2022-12-08T04:20:00,-0.352433
738863.1840277778,2022-12-08T04:25:00,-0.344479
738863.1875000000,2022-12-08T04:30:00,-0.336307
738863.1909722222,2022-12-08T04:35:00,-0.327919
738863.1944444445,2022-12-08T04:40:00,-0.319320
738863.1979166666,2022-12-08T04:45:00,-0.310511
738863.2013888889,2022-12-08T04:50:00,-0.301498
738863.2048611111,2022-12-08T04:55:00,-0.292283
738863.2083333334,2022-12-08T05:00:00,-0.282871
738863.2118055555,2022-12-08T05:05:00,-0.273266
738863.2152777778,2022-12-08T05:10:00,-0.263473
738863.2187500000,2022-12-08T05:15:00,-0.253495
738863.2222222222,2022-12-08T05:20:00,-0.243339
738863.2256944445,2022-12-08T05:25:00,-0.233008
738863.2291666666,2022-12-08T05:30:00,-0.222507
738863.2326388889,2022-12-08T05:35:00,-0.211843
738863.2361111111,2022-12-08T05:40:00,-0.201020
738863.2395833334,2022-12-08T05:45:00,-0.190044
738863.2430555555,2022-12-08T05:50:00,-0.178921
738863.2465277778,2022-12-08T05:55:00,-0.167656
738863.2500000000,2022-12-08T06:00:00,-0.156255
738863.2534722222,2022-12-08T06:05:00,-0.144726
738863.2569444445,2022-12-08T06:10:00,-0.133073
738863.2604166666,2022-12-08T06:15:00,-0.121304
738863.2638888889,2022-12-08T06:20:00,-0.109425
738863.2673611111,2022-12-08T06:25:00,-0.097442
738863.2708333334,2022-12-08T06:30:00,-0.085362
738863.2743055555,2022-12-08T06:35:00,-0.073193
738863.2777777778,2022-12-08T06:40:00,-0.060942
738863.2812500000,2022-12-08T06:45:00,-0.048614
738863.2847222222,2022-12-08T06:50:00,-0.036218
738863.2881944445,2022-12-08T06:55:00,-0.023761
738863.2916666666,2022-12-08T07:00:00,-0.011250
738863.2951388889,2022-12-08T07:05:00,0.001307
738863.2986111111,2022-12-08T07:10:00,0.013903
738863.3020833334,2022-12-08T07:15:00,0.026531
738863.3055555555,2022-12-08T07:20:00,0.039183
738863.3090277778,2022-12-08T07:25:00,0.051850
738863.3125000000,2022-12-08T07:30:00,0.064527
738863.3159722222,2022-12-08T07:35:00,0.077204
738863.3194444445,2022-12-08T07:40:00,0.089874
738863.3229166666,2022-12-08T07:45:00,0.102529
738863.3263888889,2022-12-08T07:50:00,0.115162
738863.3298611111,2022-12-08T07:55:00,0.127765
738863.3333333334,2022-12-08T08:00:00,0.140330
738863.3368055555,2022-12-08T08:05:00,0.152849
738863.3402777778,2022-12-08T08:10:00,0.165315
738863.3437500000,2022-12-08T08:15:00,0.177720
738863.3472222222,2022-12-08T08:20:00,0.190056
738863.3506944445,2022-12-08T08:25:00,0.202316
738863.3541666666,2022-12-08T08:30:00,0.214491
738863.3576388889,2022-12-08T08:35:00,0.226576
738863.3611111111,2022-12-08T08:40:00,0.238561
738863.3645833334,2022-12-08T08:45:00,0.250440
738863.3680555555,2022-12-08T08:50:00,0.262206
738863.3715277778,2022-12-08T08:55:00,0.273851
738863.3750000000,2022-12-08T09:00:00,0.285367
738863.3784722222,2022-12-08T09:05:00,0.296749
738863.3819444445,2022-12-08T09:10:00,0.307989
738863.3854166666,2022-12-08T09:15:00,0.319080
738863.3888888889,2022-12-08T09:20:00,0.330016
738863.3923611111,2022-12-08T09:25:00,0.340789
738863.3958333334,2022-12-08T09:30:00,0.351395
738863.3993055555,2022-12-08T09:35:00,0.361825
738863.4027777778,2022-12-08T09:40:00,0.372074
738863.4062500000,2022-12-08T09:45:00,0.382136
738863.4097222222,2022-12-08T09:50:00,0.392005
738863.4131944445,2022-12-08T09:55:00,0.401675
738863.4166666666,2022-12-08T10:00:00,0.411140
738863.4201388889,2022-12-08T10:05:00,0.420396
738863.4236111111,2022-12-08T10:10:00,0.429437
738863.4270833334,2022-12-08T10:15:00,0.438258
738863.4305555555,2022-12-08T10:20:00,0.446853
738863.4340277778,2022-12-08T10:25:00,0.455219
738863.4375000000,2022-12-08T10:30:00,0.463350
738863.4409722222,2022-12-08T10:35:00,0.471242
738863.4444444445,2022-12-08T10:40:00,0.478892
738863.4479166666,2022-12-08T10:45:00,0.486294
738863.4513888889,2022-12-08T10:50:00,0.493446
738863.4548611111,2022-12-08T10:55:00,0.500343
738863.4583333334,2022-12-08T11:00:00,0.506982
738863.4618055555,2022-12-08T11:05:00,0.513361
738863.4652777778,2022-12-08T11:10:00,0.519475
738863.4687500000,2022-12-08T11:15:00,0.525322
738863.4722222222,2022-12-08T11:20:00,0.530901
738863.4756944445,2022-12-08T11:25:00,0.536207
738863.4791666666,2022-12-08T11:30:00,0.541239
738863.4826388889,2022-12-08T11:35:00,0.545995
738863.4861111111,2022-12-08T11:40:00,0.550474
738863.4895833334,2022-12-08T11:45:00,0.554673
738863.4930555555,2022-12-08T11:50:00,0.558591
738863.4965277778,2022-12-08T11:55:00,0.562228
738863.5000000000,2022-12-08T12:00:00,0.565582
738863.5034722222,2022-12-08T12:05:00,0.568652
738863.5069444445,2022-12-08T12:10:00,0.571438
738863.5104166666,2022-12-08T12:15:00,0.573940
738863.5138888889,2022-12-08T12:20:00,0.576157
738863.5173611111,2022-12-08T12:25:00,0.578089
738863.5208333334,2022-12-08T12:30:00,0.579737
738863.5243055555,2022-12-08T12:35:00,0.581102
738863.5277777778,2022-12-08T12:40:00,0.582183
738863.5312500000,2022-12-08T12:45:00,0.582982
738863.5347222222,2022-12-08T12:50:00,0.583499
738863.5381944445,2022-12-08T12:55:00,0.583736
738863.5416666666,2022-12-08T13:00:00,0.583694
738863.5451388889,2022-12-08T13:05:00,0.583375
738863.5486111111,2022-12-08T13:10:00,0.582781
738863.5520833334,2022-12-08T13:15:00,0.581912
738863.5555555555,2022-12-08T13:20:00,0.580773
738863.5590277778,2022-12-08T13:25:00,0.579363
738863.5625000000,2022-12-08T13:30:00,0.577687
738863.5659722222,2022-12-08T13:35:00,0.575746
738863.5694444445,2022-12-08T13:40:00,0.573543
738863.5729166666,2022-12-08T13:45:00,0.571081
738863.5763888889,2022-12-08T13:50:00,0.568362
738863.5798611111,2022-12-08T13:55:00,0.565391
738863.5833333334,2022-12-08T14:00:00,0.562170
738863.5868055555,2022-12-08T14:05:00,0.558702
738863.5902777778,2022-12-08T14:10:00,0.554992
738863.5937500000,2022-12-08T14:15:00,0.551041
738863.5972222222,2022-12-08T14:20:00,0.546855
738863.6006944445,2022-12-08T14:25:00,0.542437
738863.6041666666,2022-12-08T14:30:00,0.537791
738863.6076388889,2022-12-08T14:35:00,0.532921
738863.6111111111,2022-12-08T14:40:00,0.527830
738863.6145833334,2022-12-08T14:45:00,0.522523
738863.6180555555,2022-12-08T14:50:00,0.517005
738863.6215277778,2022-12-08T14:55:00,0.511279
738863.6250000000,2022-12-08T15:00:00,0.505350
738863.6284722222,2022-12-08T15:05:00,0.499223
738863.6319444445,2022-12-08T15:10:00,0.492901
738863.6354166666,2022-12-08T15:15:00,0.486390
738863.6388888889,2022-12-08T15:20:00,0.479693
738863.6423611111,2022-12-08T15:25:00,0.472817
738863.6458333334,2022-12-08T15:30:00,0.465764
738863.6493055555,2022-12-08T15:35:00,0.458541
738863.6527777778,2022-12-08T15:40:00,0.451151
738863.6562500000,2022-12-08T15:45:00,0.443599
738863.6597222222,2022-12-08T15:50:00,0.435891
738863.6631944445,2022-12-08T15:55:00,0.428031
738863.6666666666,2022-12-08T16:00:00,0.420024
738863.6701388889,2022-12-08T16:05:00,0.411874
738863.6736111111,2022-12-08T16:10:00,0.403587
738863.6770833334,2022-12-08T16:15:00,0.395167
738863.6805555555,2022-12-08T16:20:00,0.386619
738863.6840277778,2022-12-08T16:25:00,0.377948
738863.6875000000,2022-12-08T16:30:00,0.369158
738863.6909722222,2022-12-08T16:35:00,0.360255
738863.6944444445,2022-12-08T16:40:00,0.351243
738863.6979166666,2022-12-08T16:45:00,0.342127
738863.7013888889,2022-12-08T16:50:00,0.332911
738863.7048611111,2022-12-08T16:55:00,0.323600
738863.7083333334,2022-12-08T17:00:00,0.314200
738863.7118055555,2022-12-08T17:05:00,0.304713
738863.7152777778,2022-12-08T17:10:00,0.295146
738863.7187500000,2022-12-08T17:15:00,0.285502
738863.7222222222,2022-12-08T17:20:00,0.275786
738863.7256944445,2022-12-08T17:25:00,0.266002
738863.7291666666,2022-12-08T17:30:00,0.256155
738863.7326388889,2022-12-08T17:35:00,0.246249
738863.7361111111,2022-12-08T17:40:00,0.236289
738863.7395833334,2022-12-08T17:45:00,0.226278
738863.7430555555,2022-12-08T17:50:00,0.216221
738863.7465277778,2022-12-08T17:55:00,0.206121
738863.7500000000,2022-12-08T18:00:00,0.195984
738863.7534722222,2022-12-08T18:05:00,0.185812
738863.7569444445,2022-12-08T18:10:00,0.175611
738863.7604166666,2022-12-08T18:15:00,0.165383
738863.7638888889,2022-12-08T18:20:00,0.155133
738863.7673611111,2022-12-08T18:25:00,0.144864
738863.7708333334,2022-12-08T18:30:00,0.134580
738863.7743055555,2022-12-08T18:35:00,0.124286
738863.7777777778,2022-12-08T18:40:00,0.113983
738863.7812500000,2022-12-08T18:45:00,0.103677
738863.7847222222,2022-12-08T18:50:00,0.093370
738863.7881944445,2022-12-08T18:55:00,0.083067
738863.7916666666,2022-12-08T19:00:00,0.072769
738863.7951388889,2022-12-08T19:05:00,0.062481
738863.7986111111,2022-12-08T19:10:00,0.052207
738863.8020833334,2022-12-08T19:15:00,0.041948
738863.8055555555,2022-12-08T19:20:00,0.031709
738863.8090277778,2022-12-08T19:25:00,0.021493
738863.8125000000,2022-12-08T19:30:00,0.011302
738863.8159722222,2022-12-08T19:35:00,0.001140
738863.8194444445,2022-12-08T19:40:00,-0.008991
738863.8229166666,2022-12-08T19:45:00,-0.019086
738863.8263888889,2022-12-08T19:50:00,-0.029145
738863.8298611111,2022-12-08T19:55:00,-0.039162
738863.8333333334,2022-12-08T20:00:00,-0.049137
738863.8368055555,2022-12-08T20:05:00,-0.059065
738863.8402777778,2022-12-08T20:10:00,-0.068945
738863.8437500000,2022-12-08T20:15:00,-0.078773
738863.8472222222,2022-12-08T20:20:00,-0.088546
738863.8506944445,2022-12-08T20:25:00,-0.098263
738863.8541666666,2022-12-08T20:30:00,-0.107920
738863.8576388889,2022-12-08T20:35:00,-0.117514
738863.8611111111,2022-12-08T20:40:00,-0.127044
738863.8645833334,2022-12-08T20:45:00,-0.136507
738863.8680555555,2022-12-08T20:50:00,-0.145899
738863.8715277778,2022-12-08T20:55:00,-0.155219
738863.8750000000,2022-12-08T21:00:00,-0.164463
738863.8784722222,2022-12-08T21:05:00,-0.173631
738863.8819444445,2022-12-08T21:10:00,-0.182717
738863.8854166666,2022-12-08T21:15:00,-0.191722
738863.8888888889,2022-12-08T21:20:00,-0.200641
738863.8923611111,2022-12-08T21:25:00,-0.209473
738863.8958333334,2022-12-08T21:30:00,-0.218214
738863.8993055555,2022-12-08T21:35:00,-0.226863
738863.9027777778,2022-12-08T21:40:00,-0.235417
738863.9062500000,2022-12-08T21:45:00,-0.243873
738863.9097222222,2022-12-08T21:50:00,-0.252229
738863.9131944445,2022-12-08T21:55:00,-0.260483
738863.9166666666,2022-12-08T22:00:00,-0.268632
738863.9201388889,2022-12-08T22:05:00,-0.276673
738863.9236111111,2022-12-08T22:10:00,-0.284604
738863.9270833334,2022-12-08T22:15:00,-0.292423
738863.9305555555,2022-12-08T22:20:00,-0.300127
738863.9340277778,2022-12-08T22:25:00,-0.307713
738863.9375000000,2022-12-08T22:30:00,-0.315180
738863.9409722222,2022-12-08T22:35:00,-0.322523
738863.9444444445,2022-12-08T22:40:00,-0.329742
738863.9479166666,2022-12-08T22:45:00,-0.336832
738863.9513888889,2022-12-08T22:50:00,-0.343793
738863.9548611111,2022-12-08T22:55:00,-0.350620
738863.9583333334,2022-12-08T23:00:00,-0.357312
738863.9618055555,2022-12-08T23:05:00,-0.363867
738863.9652777778,2022-12-08T23:10:00,-0.370280
738863.9687500000,2022-12-08T23:15:00,-0.376550
738863.9722222222,2022-12-08T23:20:00,-0.382674
738863.9756944445,2022-12-08T23:25:00,-0.388650
738863.9791666666,2022-12-08T23:30:00,-0.394475
738863.9826388889,2022-12-08T23:35:00,-0.400146
738863.9861111111,2022-12-08T23:40:00,-0.405660
738863.9895833334,2022-12-08T23:45:00,-0.411015
738863.9930555555,2022-12-08T23:50:00,-0.416209
738863.9965277778,2022-12-08T23:55:00,-0.421238
738864.0000000000,2022-12-09T00:00:00,-0.426101
738864.0034722222,2022-12-09T00:05:00,-0.430793
738864.0069444445,2022-12-09T00:10:00,-0.435314
738864.0104166666,2022-12-09T00:15:00,-0.439659
738864.0138888889,2022-12-09T00:20:00,-0.443827
738864.0173611111,2022-12-09T00:25:00,-0.447815
738864.0208333334,2022-12-09T00:30:00,-0.451621
738864.0243055555,2022-12-09T00:35:00,-0.455241
738864.0277777778,2022-12-09T00:40:00,-0.458674
738864.0312500000,2022-12-09T00:45:00,-0.461916
738864.0347222222,2022-12-09T00:50:00,-0.464965
738864.0381944445,2022-12-09T00:55:00,-0.467820
738864.0416666666,2022-12-09T01:00:00,-0.470477
738864.0451388889,2022-12-09T01:05:00,-0.472934
738864.0486111111,2022-12-09T01:10:00,-0.475189
738864.0520833334,2022-12-09T01:15:00,-0.477239
738864.0555555555,2022-12-09T01:20:00,-0.479082
738864.0590277778,2022-12-09T01:25:00,-0.480717
738864.0625000000,2022-12-09T01:30:00,-0.482140
738864.0659722222,2022-12-09T01:35:00,-0.483350
738864.0694444445,2022-12-09T01:40:00,-0.484345
738864.0729166666,2022-12-09T01:45:00,-0.485122
738864.0763888889,2022-12-09T01:50:00,-0.485680
738864.0798611111,2022-12-09T01:55:00,-0.486018
738864.0833333334,2022-12-09T02:00:00,-0.486132
738864.0868055555,2022-12-09T02:05:00,-0.486022
738864.0902777778,2022-12-09T02:10:00,-0.485687
738864.0937500000,2022-12-09T02:15:00,-0.485123
738864.0972222222,2022-12-09T02:20:00,-0.484331
738864.1006944445,2022-12-09T02:25:00,-0.483309
738864.1041666666,2022-12-09T02:30:00,-0.482055
738864.1076388889,2022-12-09T02:35:00,-0.480568
738864.1111111111,2022-12-09T02:40:00,-0.478848
738864.1145833334,2022-12-09T02:45:00,-0.476893
738864.1180555555,2022-12-09T02:50:00,-0.474703
738864.1215277778,2022-12-09T02:55:00,-0.472277
738864.1250000000,2022-12-09T03:00:00,-0.469614
738864.1284722222,2022-12-09T03:05:00,-0.466715
738864.1319444445,2022-12-09T03:10:00,-0.463577
738864.1354166666,2022-12-09T03:15:00,-0.460202
738864.1388888889,2022-12-09T03:20:00,-0.456589
738864.1423611111,2022-12-09T03:25:00,-0.452739
738864.1458333334,2022-12-09T03:30:00,-0.448651
738864.1493055555,2022-12-09T03:35:00,-0.444326
738864.1527777778,2022-12-09T03:40:00,-0.439764
738864.1562500000,2022-12-09T03:45:00,-0.434965
738864.1597222222,2022-12-09T03:50:00,-0.429932
738864.1631944445,2022-12-09T03:55:00,-0.424664
738864.1666666666,2022-12-09T04:00:00,-0.419162
738864.1701388889,2022-12-09T04:05:00,-0.413428
738864.1736111111,2022-12-09T04:10:00,-0.407463
738864.1770833334,2022-12-09T04:15:00,-0.401268
738864.1805555555,2022-12-09T04:20:00,-0.394845
738864.1840277778,2022-12-09T04:25:00,-0.388197
738864.1875000000,2022-12-09T04:30:00,-0.381324
738864.1909722222,2022-12-09T04:35:00,-0.374229
738864.1944444445,2022-12-09T04:40:00,-0.366914
738864.1979166666,2022-12-09T04:45:00,-0.359382
738864.2013888889,2022-12-09T04:50:00,-0.351634
738864.2048611111,2022-12-09T04:55:00,-0.343675
738864.2083333334,2022-12-09T05:00:00,-0.335507
738864.2118055555,2022-12-09T05:05:00,-0.327132
738864.2152777778,2022-12-09T05:10:00,-0.318555
738864.2187500000,2022-12-09T05:15:00,-0.309777
738864.2222222222,2022-12-09T05:20:00,-0.300804
738864.2256944445,2022-12-09T05:25:00,-0.291638
738864.2291666666,2022-12-09T05:30:00,-0.282284
738864.2326388889,2022-12-09T05:35:00,-0.272745
738864.2361111111,2022-12-09T05:40:00,-0.263025
738864.2395833334,2022-12-09T05:45:00,-0.253129
738864.2430555555,2022-12-09T05:50:00,-0.243062
738864.2465277778,2022-12-09T05:55:00,-0.232827
738864.2500000000,2022-12-09T06:00:00,-0.222429
738864.2534722222,2022-12-09T06:05:00,-0.211874
738864.2569444445,2022-12-09T06:10:00,-0.201166
738864.2604166666,2022-12-09T06:15:00,-0.190311
738864.2638888889,2022-12-09T06:20:00,-0.179313
738864.2673611111,2022-12-09T06:25:00,-0.168178
738864.2708333334,2022-12-09T06:30:00,-0.156912
738864.2743055555,2022-12-09T06:35:00,-0.145520
738864.2777777778,2022-12-09T06:40:00,-0.134008
738864.2812500000,2022-12-09T06:45:00,-0.122382
738864.2847222222,2022-12-09T06:50:00,-0.110647
738864.2881944445,2022-12-09T06:55:00,-0.098810
738864.2916666666,2022-12-09T07:00:00,-0.086877
738864.2951388889,2022-12-09T07:05:00,-0.074855
738864.2986111111,2022-12-09T07:10:00,-0.062749
738864.3020833334,2022-12-09T07:15:00,-0.050566
738864.3055555555,2022-12-09T07:20:00,-0.038313
738864.3090277778,2022-12-09T07:25:00,-0.025996
738864.3125000000,2022-12-09T07:30:00,-0.013622
738864.3159722222,2022-12-09T07:35:00,-0.001197
738864.3194444445,2022-12-09T07:40:00,0.011271
738864.3229166666,2022-12-09T07:45:00,0.023775
738864.3263888889,2022-12-09T07:50:00,0.036309
738864.3298611111,2022-12-09T07:55:00,0.048866
738864.3333333334,2022-12-09T08:00:00,0.061439
738864.3368055555,2022-12-09T08:05:00,0.074020
738864.3402777778,2022-12-09T08:10:00,0.086603
738864.3437500000,2022-12-09T08:15:00,0.099180
738864.3472222222,2022-12-09T08:20:00,0.111745
738864.3506944445,2022-12-09T08:25:00,0.124290
738864.3541666666,2022-12-09T08:30:00,0.136808
738864.3576388889,2022-12-09T08:35:00,0.149292
738864.3611111111,2022-12-09T08:40:00,0.161734
738864.3645833334,2022-12-09T08:45:00,0.174128
738864.3680555555,2022-12-09T08:50:00,0.186467
738864.3715277778,2022-12-09T08:55:00,0.198743
738864.3750000000,2022-12-09T09:00:00,0.210950
738864.3784722222,2022-12-09T09:05:00,0.223080
738864.3819444445,2022-12-09T09:10:00,0.235126
738864.3854166666,2022-12-09T09:15:00,0.247082
738864.3888888889,2022-12-09T09:20:00,0.258941
738864.3923611111,2022-12-09T09:25:00,0.270695
738864.3958333334,2022-12-09T09:30:00,0.282338
738864.3993055555,2022-12-09T09:35:00,0.293864
738864.4027777778,2022-12-09T09:40:00,0.305265
738864.4062500000,2022-12-09T09:45:00,0.316535
738864.4097222222,2022-12-09T09:50:00,0.327668
738864.4131944445,2022-12-09T09:55:00,0.338658
738864.4166666666,2022-12-09T10:00:00,0.349497
738864.4201388889,2022-12-09T10:05:00,0.360181
738864.4236111111,2022-12-09T10:10:00,0.370702
738864.4270833334,2022-12-09T10:15:00,0.381055
738864.4305555555,2022-12-09T10:20:00,0.391235
738864.4340277778,2022-12-09T10:25:00,0.401235
738864.4375000000,2022-12-09T10:30:00,0.411049
738864.4409722222,2022-12-09T10:35:00,0.420673
738864.4444444445,2022-12-09T10:40:00,0.430101
738864.4479166666,2022-12-09T10:45:00,0.439328
738864.4513888889,2022-12-09T10:50:00,0.448349
738864.4548611111,2022-12-09T10:55:00,0.457158
738864.4583333334,2022-12-09T11:00:00,0.465752
738864.4618055555,2022-12-09T11:05:00,0.474125
738864.4652777778,2022-12-09T11:10:00,0.482274
738864.4687500000,2022-12-09T11:15:00,0.490193
738864.4722222222,2022-12-09T11:20:00,0.497879
738864.4756944445,2022-12-09T11:25:00,0.505328
738864.4791666666,2022-12-09T11:30:00,0.512535
738864.4826388889,2022-12-09T11:35:00,0.519499
738864.4861111111,2022-12-09T11:40:00,0.526214
738864.4895833334,2022-12-09T11:45:00,0.532677
738864.4930555555,2022-12-09T11:50:00,0.538886
738864.4965277778,2022-12-09T11:55:00,0.544838
738864.5000000000,2022-12-09T12:00:00,0.550530
738864.5034722222,2022-12-09T12:05:00,0.555959
738864.5069444445,2022-12-09T12:10:00,0.561122
738864.5104166666,2022-12-09T12:15:00,0.566019
738864.5138888889,2022-12-09T12:20:00,0.570646
738864.5173611111,2022-12-09T12:25:00,0.575002
738864.5208333334,2022-12-09T12:30:00,0.579085
738864.5243055555,2022-12-09T12:35:00,0.582893
738864.5277777778,2022-12-09T12:40:00,0.586426
738864.5312500000,2022-12-09T12:45:00,0.589682
738864.5347222222,2022-12-09T12:50:00,0.592661
738864.5381944445,2022-12-09T12:55:00,0.595361
738864.5416666666,2022-12-09T13:00:00,0.597782
738864.5451388889,2022-12-09T13:05:00,0.599923
738864.5486111111,2022-12-09T13:10:00,0.601785
738864.5520833334,2022-12-09T13:15:00,0.603368
738864.5555555555,2022-12-09T13:20:00,0.604670
738864.5590277778,2022-12-09T13:25:00,0.605694
738864.5625000000,2022-12-09T13:30:00,0.606438
738864.5659722222,2022-12-09T13:35:00,0.606905
738864.5694444445,2022-12-09T13:40:00,0.607094
738864.5729166666,2022-12-09T13:45:00,0.607007
738864.5763888889,2022-12-09T13:50:00,0.606645
738864.5798611111,2022-12-09T13:55:00,0.606009
738864.5833333334,2022-12-09T14:00:00,0.605101
738864.5868055555,2022-12-09T14:05:00,0.603922
738864.5902777778,2022-12-09T14:10:00,0.602474
738864.5937500000,2022-12-09T14:15:00,0.600758
738864.5972222222,2022-12-09T14:20:00,0.598778
738864.6006944445,2022-12-09T14:25:00,0.596535
738864.6041666666,2022-12-09T14:30:00,0.594032
738864.6076388889,2022-12-09T14:35:00,0.591271
738864.6111111111,2022-12-09T14:40:00,0.588254
738864.6145833334,2022-12-09T14:45:00,0.584985
738864.6180555555,2022-12-09T14:50:00,0.581467
738864.6215277778,2022-12-09T14:55:00,0.577701
738864.6250000000,2022-12-09T15:00:00,0.573692
738864.6284722222,2022-12-09T15:05:00,0.569443
738864.6319444445,2022-12-09T15:10:00,0.564957
738864.6354166666,2022-12-09T15:15:00,0.560237
738864.6388888889,2022-12-09T15:20:00,0.555288
738864.6423611111,2022-12-09T15:25:00,0.550112
738864.6458333334,2022-12-09T15:30:00,0.544713
738864.6493055555,2022-12-09T15:35:00,0.539096
738864.6527777778,2022-12-09T15:40:00,0.533264
738864.6562500000,2022-12-09T15:45:00,0.527221
738864.6597222222,2022-12-09T15:50:00,0.520971
738864.6631944445,2022-12-09T15:55:00,0.514519
738864.6666666666,2022-12-09T16:00:00,0.507869
738864.6701388889,2022-12-09T16:05:00,0.501024
738864.6736111111,2022-12-09T16:10:00,0.493990
738864.6770833334,2022-12-09T16:15:00,0.486770
738864.6805555555,2022-12-09T16:20:00,0.479370
738864.6840277778,2022-12-09T16:25:00,0.471793
738864.6875000000,2022-12-09T16:30:00,0.464045
738864.6909722222,2022-12-09T16:35:00,0.456129
738864.6944444445,2022-12-09T16:40:00,0.448051
738864.6979166666,2022-12-09T16:45:00,0.439815
738864.7013888889,2022-12-09T16:50:00,0.431425
738864.7048611111,2022-12-09T16:55:00,0.422888
738864.7083333334,2022-12-09T17:00:00,0.414206
738864.7118055555,2022-12-09T17:05:00,0.405386
738864.7152777778,2022-12-09T17:10:00,0.396431
738864.7187500000,2022-12-09T17:15:00,0.387348
738864.7222222222,2022-12-09T17:20:00,0.378139
738864.7256944445,2022-12-09T17:25:00,0.368811
738864.7291666666,2022-12-09T17:30:00,0.359368
738864.7326388889,2022-12-09T17:35:00,0.349815
738864.7361111111,2022-12-09T17:40:00,0.340157
738864.7395833334,2022-12-09T17:45:00,0.330398
738864.7430555555,2022-12-09T17:50:00,0.320543
738864.7465277778,2022-12-09T17:55:00,0.310597
738864.7500000000,2022-12-09T18:00:00,0.300566
738864.7534722222,2022-12-09T18:05:00,0.290452
738864.7569444445,2022-12-09T18:10:00,0.280263
738864.7604166666,2022-12-09T18:15:00,0.270001
738864.7638888889,2022-12-09T18:20:00,0.259671
738864.7673611111,2022-12-09T18:25:00,0.249280
738864.7708333334,2022-12-09T18:30:00,0.238830
738864.7743055555,2022-12-09T18:35:00,0.228327
738864.7777777778,2022-12-09T18:40:00,0.217775
738864.7812500000,2022-12-09T18:45:00,0.207178
738864.7847222222,2022-12-09T18:50:00,0.196542
738864.7881944445,2022-12-09T18:55:00,0.185871
738864.7916666666,2022-12-09T19:00:00,0.175168
738864.7951388889,2022-12-09T19:05:00,0.164440
738864.7986111111,2022-12-09T19:10:00,0.153689
738864.8020833334,2022-12-09T19:15:00,0.142920
738864.8055555555,2022-12-09T19:20:00,0.132137
738864.8090277778,2022-12-09T19:25:00,0.121346
738864.8125000000,2022-12-09T19:30:00,0.110549
738864.8159722222,2022-12-09T19:35:00,0.099751
738864.8194444445,2022-12-09T19:40:00,0.088956
738864.8229166666,2022-12-09T19:45:00,0.078168
738864.8263888889,2022-12-09T19:50:00,0.067392
738864.8298611111,2022-12-09T19:55:00,0.056631
738864.8333333334,2022-12-09T20:00:00,0.045889
738864.8368055555,2022-12-09T20:05:00,0.035169
738864.8402777778,2022-12-09T20:10:00,0.024477
738864.8437500000,2022-12-09T20:15:00,0.013815
738864.8472222222,2022-12-09T20:20:00,0.003187
738864.8506944445,2022-12-09T20:25:00,-0.007402
738864.8541666666,2022-12-09T20:30:00,-0.017950
738864.8576388889,2022-12-09T20:35:00,-0.028453
738864.8611111111,2022-12-09T20:40:00,-0.038906
738864.8645833334,2022-12-09T20:45:00,-0.049308
738864.8680555555,2022-12-09T20:50:00,-0.059653
738864.8715277778,2022-12-09T20:55:00,-0.069939
738864.8750000000,2022-12-09T21:00:00,-0.080162
738864.8784722222,2022-12-09T21:05:00,-0.090320
738864.8819444445,2022-12-09T21:10:00,-0.100407
738864.8854166666,2022-12-09T21:15:00,-0.110422
738864.8888888889,2022-12-09T21:20:00,-0.120361
738864.8923611111,2022-12-09T21:25:00,-0.130221
738864.8958333334,2022-12-09T21:30:00,-0.139999
738864.8993055555,2022-12-09T21:35:00,-0.149691
738864.9027777778,2022-12-09T21:40:00,-0.159294
738864.9062500000,2022-12-09T21:45:00,-0.168806
738864.9097222222,2022-12-09T21:50:00,-0.178222
738864.9131944445,2022-12-09T21:55:00,-0.187542
738864.9166666666,2022-12-09T22:00:00,-0.196760
738864.9201388889,2022-12-09T22:05:00,-0.205875
738864.9236111111,2022-12-09T22:10:00,-0.214883
738864.9270833334,2022-12-09T22:15:00,-0.223782
738864.9305555555,2022-12-09T22:20:00,-0.232569
738864.9340277778,2022-12-09T22:25:00,-0.241240
738864.9375000000,2022-12-09T22:30:00,-0.249793
738864.9409722222,2022-12-09T22:35:00,-0.258226
738864.9444444445,2022-12-09T22:40:00,-0.266535
738864.9479166666,2022-12-09T22:45:00,-0.274719
738864.9513888889,2022-12-09T22:50:00,-0.282773
738864.9548611111,2022-12-09T22:55:00,-0.290696
738864.9583333334,2022-12-09T23:00:00,-0.298484
738864.9618055555,2022-12-09T23:05:00,-0.306136
738864.9652777778,2022-12-09T23:10:00,-0.313649
738864.9687500000,2022-12-09T23:15:00,-0.321019
738864.9722222222,2022-12-09T23:20:00,-0.328245
738864.9756944445,2022-12-09T23:25:00,-0.335324
738864.9791666666,2022-12-09T23:30:00,-0.342253
738864.9826388889,2022-12-09T23:35:00,-0.349031
738864.9861111111,2022-12-09T23:40:00,-0.355654
738864.9895833334,2022-12-09T23:45:00,-0.362120
738864.9930555555,2022-12-09T23:50:00,-0.368427
738864.9965277778,2022-12-09T23:55:00,-0.374572
738865.0000000000,2022-12-10T00:00:00,-0.380553
738865.0034722222,2022-12-10T00:05:00,-0.386368
738865.0069444445,2022-12-10T00:10:00,-0.392014
738865.0104166666,2022-12-10T00:15:00,-0.397489
738865.0138888889,2022-12-10T00:20:00,-0.402791
738865.0173611111,2022-12-10T00:25:00,-0.407917
738865.0208333334,2022-12-10T00:30:00,-0.412866
738865.0243055555,2022-12-10T00:35:00,-0.417635
738865.0277777778,2022-12-10T00:40:00,-0.422223
738865.0312500000,2022-12-10T00:45:00,-0.426626
738865.0347222222,2022-12-10T00:50:00,-0.430843
738865.0381944445,2022-12-10T00:55:00,-0.434872
738865.0416666666,2022-12-10T01:00:00,-0.438711
738865.0451388889,2022-12-10T01:05:00,-0.442358
738865.0486111111,2022-12-10T01:10:00,-0.445811
738865.0520833334,2022-12-10T01:15:00,-0.449068
738865.0555555555,2022-12-10T01:20:00,-0.452127
738865.0590277778,2022-12-10T01:25:00,-0.454987
738865.0625000000,2022-12-10T01:30:00,-0.457645
738865.0659722222,2022-12-10T01:35:00,-0.460101
738865.0694444445,2022-12-10T01:40:00,-0.462352
738865.0729166666,2022-12-10T01:45:00,-0.464396
738865.0763888889,2022-12-10T01:50:00,-0.466233
738865.0798611111,2022-12-10T01:55:00,-0.467861
738865.0833333334,2022-12-10T02:00:00,-0.469277
738865.0868055555,2022-12-10T02:05:00,-0.470482
738865.0902777778,2022-12-10T02:10:00,-0.471473
738865.0937500000,2022-12-10T02:15:00,-0.472249
738865.0972222222,2022-12-10T02:20:00,-0.472810
738865.1006944445,2022-12-10T02:25:00,-0.473153
738865.1041666666,2022-12-10T02:30:00,-0.473278
738865.1076388889,2022-12-10T02:35:00,-0.473184
738865.1111111111,2022-12-10T02:40:00,-0.472869
738865.1145833334,2022-12-10T02:45:00,-0.472334
738865.1180555555,2022-12-10T02:50:00,-0.471577
738865.1215277778,2022-12-10T02:55:00,-0.470598
738865.1250000000,2022-12-10T03:00:00,-0.469395
738865.1284722222,2022-12-10T03:05:00,-0.467969
738865.1319444445,2022-12-10T03:10:00,-0.466319
738865.1354166666,2022-12-10T03:15:00,-0.464444
738865.1388888889,2022-12-10T03:20:00,-0.462345
738865.1423611111,2022-12-10T03:25:00,-0.460020
738865.1458333334,2022-12-10T03:30:00,-0.457471
738865.1493055555,2022-12-10T03:35:00,-0.454697
738865.1527777778,2022-12-10T03:40:00,-0.451698
738865.1562500000,2022-12-10T03:45:00,-0.448474
738865.1597222222,2022-12-10T03:50:00,-0.445026
738865.1631944445,2022-12-10T03:55:00,-0.441354
738865.1666666666,2022-12-10T04:00:00,-0.437458
738865.1701388889,2022-12-10T04:05:00,-0.433340
738865.1736111111,2022-12-10T04:10:00,-0.429000
738865.1770833334,2022-12-10T04:15:00,-0.424438
738865.1805555555,2022-12-10T04:20:00,-0.419656
738865.1840277778,2022-12-10T04:25:00,-0.414655
738865.1875000000,2022-12-10T04:30:00,-0.409436
738865.1909722222,2022-12-10T04:35:00,-0.404000
738865.1944444445,2022-12-10T04:40:00,-0.398348
738865.1979166666,2022-12-10T04:45:00,-0.392483
738865.2013888889,2022-12-10T04:50:00,-0.386406
738865.2048611111,2022-12-10T04:55:00,-0.380118
738865.2083333334,2022-12-10T05:00:00,-0.373622
738865.2118055555,2022-12-10T05:05:00,-0.366919
738865.2152777778,2022-12-10T05:10:00,-0.360012
738865.2187500000,2022-12-10T05:15:00,-0.352903
738865.2222222222,2022-12-10T05:20:00,-0.345594
738865.2256944445,2022-12-10T05:25:00,-0.338088
738865.2291666666,2022-12-10T05:30:00,-0.330387
738865.2326388889,2022-12-10T05:35:00,-0.322494
738865.2361111111,2022-12-10T05:40:00,-0.314413
738865.2395833334,2022-12-10T05:45:00,-0.306145
738865.2430555555,2022-12-10T05:50:00,-0.297694
738865.2465277778,2022-12-10T05:55:00,-0.289064
738865.2500000000,2022-12-10T06:00:00,-0.280258
738865.2534722222,2022-12-10T06:05:00,-0.271279
738865.2569444445,2022-12-10T06:10:00,-0.262130
738865.2604166666,2022-12-10T06:15:00,-0.252816
738865.2638888889,2022-12-10T06:20:00,-0.243341
738865.2673611111,2022-12-10T06:25:00,-0.233708
738865.2708333334,2022-12-10T06:30:00,-0.223921
738865.2743055555,2022-12-10T06:35:00,-0.213985
738865.2777777778,2022-12-10T06:40:00,-0.203904
738865.2812500000,2022-12-10T06:45:00,-0.193682
738865.2847222222,2022-12-10T06:50:00,-0.183324
738865.2881944445,2022-12-10T06:55:00,-0.172835
738865.2916666666,2022-12-10T07:00:00,-0.162218
738865.2951388889,2022-12-10T07:05:00,-0.151480
738865.2986111111,2022-12-10T07:10:00,-0.140625
738865.3020833334,2022-12-10T07:15:00,-0.129657
738865.3055555555,2022-12-10T07:20:00,-0.118583
738865.3090277778,2022-12-10T07:25:00,-0.107408
738865.3125000000,2022-12-10T07:30:00,-0.096136
738865.3159722222,2022-12-10T07:35:00,-0.084773
738865.3194444445,2022-12-10T07:40:00,-0.073324
738865.3229166666,2022-12-10T07:45:00,-0.061796
738865.3263888889,2022-12-10T07:50:00,-0.050193
738865.3298611111,2022-12-10T07:55:00,-0.038522
738865.3333333334,2022-12-10T08:00:00,-0.026789
738865.3368055555,2022-12-10T08:05:00,-0.014998
738865.3402777778,2022-12-10T08:10:00,-0.003156
738865.3437500000,2022-12-10T08:15:00,0.008730
738865.3472222222,2022-12-10T08:20:00,0.020656
738865.3506944445,2022-12-10T08:25:00,0.032614
738865.3541666666,2022-12-10T08:30:00,0.044599
738865.3576388889,2022-12-10T08:35:00,0.056605
738865.3611111111,2022-12-10T08:40:00,0.068625
738865.3645833334,2022-12-10T08:45:00,0.080653
738865.3680555555,2022-12-10T08:50:00,0.092683
738865.3715277778,2022-12-10T08:55:00,0.104709
738865.3750000000,2022-12-10T09:00:00,0.116724
738865.3784722222,2022-12-10T09:05:00,0.128721
738865.3819444445,2022-12-10T09:10:00,0.140696
738865.3854166666,2022-12-10T09:15:00,0.152640
738865.3888888889,2022-12-10T09:20:00,0.164548
738865.3923611111,2022-12-10T09:25:00,0.176414
738865.3958333334,2022-12-10T09:30:00,0.188230
738865.3993055555,2022-12-10T09:35:00,0.199992
738865.4027777778,2022-12-10T09:40:00,0.211691
738865.4062500000,2022-12-10T09:45:00,0.223323
738865.4097222222,2022-12-10T09:50:00,0.234880
738865.4131944445,2022-12-10T09:55:00,0.246357
738865.4166666666,2022-12-10T10:00:00,0.257747
738865.4201388889,2022-12-10T10:05:00,0.269044
738865.4236111111,2022-12-10T10:10:00,0.280243
738865.4270833334,2022-12-10T10:15:00,0.291335
738865.4305555555,2022-12-10T10:20:00,0.302317
738865.4340277778,2022-12-10T10:25:00,0.313181
738865.4375000000,2022-12-10T10:30:00,0.323922
738865.4409722222,2022-12-10T10:35:00,0.334534
738865.4444444445,2022-12-10T10:40:00,0.345011
738865.4479166666,2022-12-10T10:45:00,0.355348
738865.4513888889,2022-12-10T10:50:00,0.365538
738865.4548611111,2022-12-10T10:55:00,0.375576
738865.4583333334,2022-12-10T11:00:00,0.385457
738865.4618055555,2022-12-10T11:05:00,0.395176
738865.4652777778,2022-12-10T11:10:00,0.404726
738865.4687500000,2022-12-10T11:15:00,0.414103
738865.4722222222,2022-12-10T11:20:00,0.423302
738865.4756944445,2022-12-10T11:25:00,0.432317
738865.4791666666,2022-12-10T11:30:00,0.441144
738865.4826388889,2022-12-10T11:35:00,0.449778
738865.4861111111,2022-12-10T11:40:00,0.458215
738865.4895833334,2022-12-10T11:45:00,0.466449
738865.4930555555,2022-12-10T11:50:00,0.474477
738865.4965277778,2022-12-10T11:55:00,0.482293
738865.5000000000,2022-12-10T12:00:00,0.489895
738865.5034722222,2022-12-10T12:05:00,0.497278
738865.5069444445,2022-12-10T12:10:00,0.504438
738865.5104166666,2022-12-10T12:15:00,0.511371
738865.5138888889,2022-12-10T12:20:00,0.518074
738865.5173611111,2022-12-10T12:25:00,0.524543
738865.5208333334,2022-12-10T12:30:00,0.530775
738865.5243055555,2022-12-10T12:35:00,0.536767
738865.5277777778,2022-12-10T12:40:00,0.542515
738865.5312500000,2022-12-10T12:45:00,0.548018
738865.5347222222,2022-12-10T12:50:00,0.553271
738865.5381944445,2022-12-10T12:55:00,0.558273
738865.5416666666,2022-12-10T13:00:00,0.563021
738865.5451388889,2022-12-10T13:05:00,0.567513
738865.5486111111,2022-12-10T13:10:00,0.571747
738865.5520833334,2022-12-10T13:15:00,0.575720
738865.5555555555,2022-12-10T13:20:00,0.579432
738865.5590277778,2022-12-10T13:25:00,0.582880
738865.5625000000,2022-12-10T13:30:00,0.586064
738865.5659722222,2022-12-10T13:35:00,0.588981
738865.5694444445,2022-12-10T13:40:00,0.591630
738865.5729166666,2022-12-10T13:45:00,0.594011
738865.5763888889,2022-12-10T13:50:00,0.596123
738865.5798611111,2022-12-10T13:55:00,0.597965
738865.5833333334,2022-12-10T14:00:00,0.599537
738865.5868055555,2022-12-10T14:05:00,0.600839
738865.5902777778,2022-12-10T14:10:00,0.601869
738865.5937500000,2022-12-10T14:15:00,0.602629
738865.5972222222,2022-12-10T14:20:00,0.603118
738865.6006944445,2022-12-10T14:25:00,0.603338
738865.6041666666,2022-12-10T14:30:00,0.603287
738865.6076388889,2022-12-10T14:35:00,0.602967
738865.6111111111,2022-12-10T14:40:00,0.602379
738865.6145833334,2022-12-10T14:45:00,0.601523
738865.6180555555,2022-12-10T14:50:00,0.600402
738865.6215277778,2022-12-10T14:55:00,0.599015
738865.6250000000,2022-12-10T15:00:00,0.597365
738865.6284722222,2022-12-10T15:05:00,0.595452
738865.6319444445,2022-12-10T15:10:00,0.593280
738865.6354166666,2022-12-10T15:15:00,0.590848
738865.6388888889,2022-12-10T15:20:00,0.588161
738865.6423611111,2022-12-10T15:25:00,0.585219
738865.6458333334,2022-12-10T15:30:00,0.582025
738865.6493055555,2022-12-10T15:35:00,0.578581
738865.6527777778,2022-12-10T15:40:00,0.574890
738865.6562500000,2022-12-10T15:45:00,0.570954
738865.6597222222,2022-12-10T15:50:00,0.566776
738865.6631944445,2022-12-10T15:55:00,0.562360
738865.6666666666,2022-12-10T16:00:00,0.557708
738865.6701388889,2022-12-10T16:05:00,0.552823
738865.6736111111,2022-12-10T16:10:00,0.547709
738865.6770833334,2022-12-10T16:15:00,0.542368
738865.6805555555,2022-12-10T16:20:00,0.536805
738865.6840277778,2022-12-10T16:25:00,0.531023
738865.6875000000,2022-12-10T16:30:00,0.525025
738865.6909722222,2022-12-10T16:35:00,0.518816
738865.6944444445,2022-12-10T16:40:00,0.512399
738865.6979166666,2022-12-10T16:45:00,0.505778
738865.7013888889,2022-12-10T16:50:00,0.498958
738865.7048611111,2022-12-10T16:55:00,0.491942
738865.7083333334,2022-12-10T17:00:00,0.484734
738865.7118055555,2022-12-10T17:05:00,0.477339
738865.7152777778,2022-12-10T17:10:00,0.469762
738865.7187500000,2022-12-10T17:15:00,0.462006
738865.7222222222,2022-12-10T17:20:00,0.454076
738865.7256944445,2022-12-10T17:25:00,0.445977
738865.7291666666,2022-12-10T17:30:00,0.437713
738865.7326388889,2022-12-10T17:35:00,0.429290
738865.7361111111,2022-12-10T17:40:00,0.420711
738865.7395833334,2022-12-10T17:45:00,0.411981
738865.7430555555,2022-12-10T17:50:00,0.403106
738865.7465277778,2022-12-10T17:55:00,0.394090
738865.7500000000,2022-12-10T18:00:00,0.384938
738865.7534722222,2022-12-10T18:05:00,0.375655
738865.7569444445,2022-12-10T18:10:00,0.366245
738865.7604166666,2022-12-10T18:15:00,0.356715
738865.7638888889,2022-12-10T18:20:00,0.347069
738865.7673611111,2022-12-10T18:25:00,0.337311
738865.7708333334,2022-12-10T18:30:00,0.327448
738865.7743055555,2022-12-10T18:35:00,0.317483
738865.7777777778,2022-12-10T18:40:00,0.307423
738865.7812500000,2022-12-10T18:45:00,0.297272
738865.7847222222,2022-12-10T18:50:00,0.287035
738865.7881944445,2022-12-10T18:55:00,0.276718
738865.7916666666,2022-12-10T19:00:00,0.266325
738865.7951388889,2022-12-10T19:05:00,0.255862
738865.7986111111,2022-12-10T19:10:00,0.245333
738865.8020833334,2022-12-10T19:15:00,0.234744
738865.8055555555,2022-12-10T19:20:00,0.224100
738865.8090277778,2022-12-10T19:25:00,0.213405
738865.8125000000,2022-12-10T19:30:00,0.202665
738865.8159722222,2022-12-10T19:35:00,0.191886
738865.8194444445,2022-12-10T19:40:00,0.181070
738865.8229166666,2022-12-10T19:45:00,0.170225
738865.8263888889,2022-12-10T19:50:00,0.159354
738865.8298611111,2022-12-10T19:55:00,0.148463
738865.8333333334,2022-12-10T20:00:00,0.137556
738865.8368055555,2022-12-10T20:05:00,0.126638
738865.8402777778,2022-12-10T20:10:00,0.115715
738865.8437500000,2022-12-10T20:15:00,0.104790
738865.8472222222,2022-12-10T20:20:00,0.093868
738865.8506944445,2022-12-10T20:25:00,0.082955
738865.8541666666,2022-12-10T20:30:00,0.072055
738865.8576388889,2022-12-10T20:35:00,0.061172
738865.8611111111,2022-12-10T20:40:00,0.050311
738865.8645833334,2022-12-10T20:45:00,0.039476
738865.8680555555,2022-12-10T20:50:00,0.028672
738865.8715277778,2022-12-10T20:55:00,0.017904
738865.8750000000,2022-12-10T21:00:00,0.007175
738865.8784722222,2022-12-10T21:05:00,-0.003510
738865.8819444445,2022-12-10T21:10:00,-0.014147
738865.8854166666,2022-12-10T21:15:00,-0.024731
738865.8888888889,2022-12-10T21:20:00,-0.035259
738865.8923611111,2022-12-10T21:25:00,-0.045726
738865.8958333334,2022-12-10T21:30:00,-0.056129
738865.8993055555,2022-12-10T21:35:00,-0.066463
738865.9027777778,2022-12-10T21:40:00,-0.076725
738865.9062500000,2022-12-10T21:45:00,-0.086911
738865.9097222222,2022-12-10T21:50:00,-0.097016
738865.9131944445,2022-12-10T21:55:00,-0.107038
738865.9166666666,2022-12-10T22:00:00,-0.116972
738865.9201388889,2022-12-10T22:05:00,-0.126814
738865.9236111111,2022-12-10T22:10:00,-0.136563
738865.9270833334,2022-12-10T22:15:00,-0.146213
738865.9305555555,2022-12-10T22:20:00,-0.155761
738865.9340277778,2022-12-10T22:25:00,-0.165204
738865.9375000000,2022-12-10T22:30:00,-0.174540
738865.9409722222,2022-12-10T22:35:00,-0.183763
738865.9444444445,2022-12-10T22:40:00,-0.192872
738865.9479166666,2022-12-10T22:45:00,-0.201863
738865.9513888889,2022-12-10T22:50:00,-0.210733
738865.9548611111,2022-12-10T22:55:00,-0.219479
738865.9583333334,2022-12-10T23:00:00,-0.228098
738865.9618055555,2022-12-10T23:05:00,-0.236587
738865.9652777778,2022-12-10T23:10:00,-0.244943
738865.9687500000,2022-12-10T23:15:00,-0.253164
738865.9722222222,2022-12-10T23:20:00,-0.261247
738865.9756944445,2022-12-10T23:25:00,-0.269189
738865.9791666666,2022-12-10T23:30:00,-0.276988
738865.9826388889,2022-12-10T23:35:00,-0.284640
738865.9861111111,2022-12-10T23:40:00,-0.292145
738865.9895833334,2022-12-10T23:45:00,-0.299498
738865.9930555555,2022-12-10T23:50:00,-0.306698
738865.9965277778,2022-12-10T23:55:00,-0.313742
738866.0000000000,2022-12-11T00:00:00,-0.320628
738866.0034722222,2022-12-11T00:05:00,-0.327355
738866.0069444445,2022-12-11T00:10:00,-0.333919
738866.0104166666,2022-12-11T00:15:00,-0.340318
738866.0138888889,2022-12-11T00:20:00,-0.346551
738866.0173611111,2022-12-11T00:25:00,-0.352616
738866.0208333334,2022-12-11T00:30:00,-0.358511
738866.0243055555,2022-12-11T00:35:00,-0.364233
738866.0277777778,2022-12-11T00:40:00,-0.369781
738866.0312500000,2022-12-11T00:45:00,-0.375153
738866.0347222222,2022-12-11T00:50:00,-0.380348
738866.0381944445,2022-12-11T00:55:00,-0.385363
738866.0416666666,2022-12-11T01:00:00,-0.390198
738866.0451388889,2022-12-11T01:05:00,-0.394850
738866.0486111111,2022-12-11T01:10:00,-0.399318
738866.0520833334,2022-12-11T01:15:00,-0.403600
738866.0555555555,2022-12-11T01:20:00,-0.407696
738866.0590277778,2022-12-11T01:25:00,-0.411603
738866.0625000000,2022-12-11T01:30:00,-0.415321
738866.0659722222,2022-12-11T01:35:00,-0.418848
738866.0694444445,2022-12-11T01:40:00,-0.422183
738866.0729166666,2022-12-11T01:45:00,-0.425324
738866.0763888889,2022-12-11T01:50:00,-0.428271
738866.0798611111,2022-12-11T01:55:00,-0.431023
738866.0833333334,2022-12-11T02:00:00,-0.433578
738866.0868055555,2022-12-11T02:05:00,-0.435936
738866.0902777778,2022-12-11T02:10:00,-0.438096
738866.0937500000,2022-12-11T02:15:00,-0.440056
738866.0972222222,2022-12-11T02:20:00,-0.441817
738866.1006944445,2022-12-11T02:25:00,-0.443376
738866.1041666666,2022-12-11T02:30:00,-0.444735
738866.1076388889,2022-12-11T02:35:00,-0.445891
738866.1111111111,2022-12-11T02:40:00,-0.446844
738866.1145833334,2022-12-11T02:45:00,-0.447595
738866.1180555555,2022-12-11T02:50:00,-0.448141
738866.1215277778,2022-12-11T02:55:00,-0.448484
738866.1250000000,2022-12-11T03:00:00,-0.448622
738866.1284722222,2022-12-11T03:05:00,-0.448555
738866.1319444445,2022-12-11T03:10:00,-0.448284
738866.1354166666,2022-12-11T03:15:00,-0.447807
738866.1388888889,2022-12-11T03:20:00,-0.447124
738866.1423611111,2022-12-11T03:25:00,-0.446237
738866.1458333334,2022-12-11T03:30:00,-0.445143
738866.1493055555,2022-12-11T03:35:00,-0.443845
738866.1527777778,2022-12-11T03:40:00,-0.442341
738866.1562500000,2022-12-11T03:45:00,-0.440632
738866.1597222222,2022-12-11T03:50:00,-0.438718
738866.1631944445,2022-12-11T03:55:00,-0.436600
738866.1666666666,2022-12-11T04:00:00,-0.434277
738866.1701388889,2022-12-11T04:05:00,-0.431751
738866.1736111111,2022-12-11T04:10:00,-0.429021
738866.1770833334,2022-12-11T04:15:00,-0.426089
738866.1805555555,2022-12-11T04:20:00,-0.422954
738866.1840277778,2022-12-11T04:25:00,-0.419618
738866.1875000000,2022-12-11T04:30:00,-0.416082
738866.1909722222,2022-12-11T04:35:00,-0.412346
738866.1944444445,2022-12-11T04:40:00,-0.408411
738866.1979166666,2022-12-11T04:45:00,-0.404278
738866.2013888889,2022-12-11T04:50:00,-0.399949
738866.2048611111,2022-12-11T04:55:00,-0.395424
738866.2083333334,2022-12-11T05:00:00,-0.390705
738866.2118055555,2022-12-11T05:05:00,-0.385793
738866.2152777778,2022-12-11T05:10:00,-0.380689
738866.2187500000,2022-12-11T05:15:00,-0.375395
738866.2222222222,2022-12-11T05:20:00,-0.369912
738866.2256944445,2022-12-11T05:25:00,-0.364242
738866.2291666666,2022-12-11T05:30:00,-0.358387
738866.2326388889,2022-12-11T05:35:00,-0.352349
738866.2361111111,2022-12-11T05:40:00,-0.346128
738866.2395833334,2022-12-11T05:45:00,-0.339729
738866.2430555555,2022-12-11T05:50:00,-0.333151
738866.2465277778,2022-12-11T05:55:00,-0.326398
738866.2500000000,2022-12-11T06:00:00,-0.319472
738866.2534722222,2022-12-11T06:05:00,-0.312374
738866.2569444445,2022-12-11T06:10:00,-0.305108
738866.2604166666,2022-12-11T06:15:00,-0.297676
738866.2638888889,2022-12-11T06:20:00,-0.290080
738866.2673611111,2022-12-11T06:25:00,-0.282323
738866.2708333334,2022-12-11T06:30:00,-0.274408
738866.2743055555,2022-12-11T06:35:00,-0.266338
738866.2777777778,2022-12-11T06:40:00,-0.258115
738866.2812500000,2022-12-11T06:45:00,-0.249742
738866.2847222222,2022-12-11T06:50:00,-0.241223
738866.2881944445,2022-12-11T06:55:00,-0.232561
738866.2916666666,2022-12-11T07:00:00,-0.223759
738866.2951388889,2022-12-11T07:05:00,-0.214819
738866.2986111111,2022-12-11T07:10:00,-0.205747
738866.3020833334,2022-12-11T07:15:00,-0.196545
738866.3055555555,2022-12-11T07:20:00,-0.187216
738866.3090277778,2022-12-11T07:25:00,-0.177766
738866.3125000000,2022-12-11T07:30:00,-0.168196
738866.3159722222,2022-12-11T07:35:00,-0.158511
738866.3194444445,2022-12-11T07:40:00,-0.148716
738866.3229166666,2022-12-11T07:45:00,-0.138813
738866.3263888889,2022-12-11T07:50:00,-0.128807
738866.3298611111,2022-12-11T07:55:00,-0.118703
738866.3333333334,2022-12-11T08:00:00,-0.108504
738866.3368055555,2022-12-11T08:05:00,-0.098215
738866.3402777778,2022-12-11T08:10:00,-0.087841
738866.3437500000,2022-12-11T08:15:00,-0.077384
738866.3472222222,2022-12-11T08:20:00,-0.066852
738866.3506944445,2022-12-11T08:25:00,-0.056246
738866.3541666666,2022-12-11T08:30:00,-0.045574
738866.3576388889,2022-12-11T08:35:00,-0.034838
738866.3611111111,2022-12-11T08:40:00,-0.024045
738866.3645833334,2022-12-11T08:45:00,-0.013198
738866.3680555555,2022-12-11T08:50:00,-0.002303
738866.3715277778,2022-12-11T08:55:00,0.008635
738866.3750000000,2022-12-11T09:00:00,0.019611
738866.3784722222,2022-12-11T09:05:00,0.030620
738866.3819444445,2022-12-11T09:10:00,0.041658
738866.3854166666,2022-12-11T09:15:00,0.052718
738866.3888888889,2022-12-11T09:20:00,0.063795
738866.3923611111,2022-12-11T09:25:00,0.074885
738866.3958333334,2022-12-11T09:30:00,0.085982
738866.3993055555,2022-12-11T09:35:00,0.097080
738866.4027777778,2022-12-11T09:40:00,0.108175
738866.4062500000,2022-12-11T09:45:00,0.119260
738866.4097222222,2022-12-11T09:50:00,0.130331
738866.4131944445,2022-12-11T09:55:00,0.141382
738866.4166666666,2022-12-11T10:00:00,0.152407
738866.4201388889,2022-12-11T10:05:00,0.163401
738866.4236111111,2022-12-11T10:10:00,0.174358
738866.4270833334,2022-12-11T10:15:00,0.185273
738866.4305555555,2022-12-11T10:20:00,0.196141
738866.4340277778,2022-12-11T10:25:00,0.206955
738866.4375000000,2022-12-11T10:30:00,0.217710
738866.4409722222,2022-12-11T10:35:00,0.228401
738866.4444444445,2022-12-11T10:40:00,0.239022
738866.4479166666,2022-12-11T10:45:00,0.249568
738866.4513888889,2022-12-11T10:50:00,0.260033
738866.4548611111,2022-12-11T10:55:00,0.270411
738866.4583333334,2022-12-11T11:00:00,0.280697
738866.4618055555,2022-12-11T11:05:00,0.290886
738866.4652777778,2022-12-11T11:10:00,0.300972
738866.4687500000,2022-12-11T11:15:00,0.310950
738866.4722222222,2022-12-11T11:20:00,0.320815
738866.4756944445,2022-12-11T11:25:00,0.330560
738866.4791666666,2022-12-11T11:30:00,0.340182
738866.4826388889,2022-12-11T11:35:00,0.349674
738866.4861111111,2022-12-11T11:40:00,0.359032
738866.4895833334,2022-12-11T11:45:00,0.368250
738866.4930555555,2022-12-11T11:50:00,0.377323
738866.4965277778,2022-12-11T11:55:00,0.386247
738866.5000000000,2022-12-11T12:00:00,0.395016
738866.5034722222,2022-12-11T12:05:00,0.403625
738866.5069444445,2022-12-11T12:10:00,0.412071
738866.5104166666,2022-12-11T12:15:00,0.420347
738866.5138888889,2022-12-11T12:20:00,0.428450
738866.5173611111,2022-12-11T12:25:00,0.436375
738866.5208333334,2022-12-11T12:30:00,0.444117
738866.5243055555,2022-12-11T12:35:00,0.451672
738866.5277777778,2022-12-11T12:40:00,0.459036
738866.5312500000,2022-12-11T12:45:00,0.466205
738866.5347222222,2022-12-11T12:50:00,0.473174
738866.5381944445,2022-12-11T12:55:00,0.479940
738866.5416666666,2022-12-11T13:00:00,0.486499
738866.5451388889,2022-12-11T13:05:00,0.492847
738866.5486111111,2022-12-11T13:10:00,0.498980
738866.5520833334,2022-12-11T13:15:00,0.504895
738866.5555555555,2022-12-11T13:20:00,0.510589
738866.5590277778,2022-12-11T13:25:00,0.516058
738866.5625000000,2022-12-11T13:30:00,0.521299
738866.5659722222,2022-12-11T13:35:00,0.526310
738866.5694444445,2022-12-11T13:40:00,0.531087
738866.5729166666,2022-12-11T13:45:00,0.535627
738866.5763888889,2022-12-11T13:50:00,0.539929
738866.5798611111,2022-12-11T13:55:00,0.543988
738866.5833333334,2022-12-11T14:00:00,0.547805
738866.5868055555,2022-12-11T14:05:00,0.551375
738866.5902777778,2022-12-11T14:10:00,0.554697
738866.5937500000,2022-12-11T14:15:00,0.557769
738866.5972222222,2022-12-11T14:20:00,0.560589
738866.6006944445,2022-12-11T14:25:00,0.563157
738866.6041666666,2022-12-11T14:30:00,0.565469
738866.6076388889,2022-12-11T14:35:00,0.567526
738866.6111111111,2022-12-11T14:40:00,0.569325
738866.6145833334,2022-12-11T14:45:00,0.570866
738866.6180555555,2022-12-11T14:50:00,0.572149
738866.6215277778,2022-12-11T14:55:00,0.573172
738866.6250000000,2022-12-11T15:00:00,0.573934
738866.6284722222,2022-12-11T15:05:00,0.574436
738866.6319444445,2022-12-11T15:10:00,0.574678
738866.6354166666,2022-12-11T15:15:00,0.574659
738866.6388888889,2022-12-11T15:20:00,0.574379
738866.6423611111,2022-12-11T15:25:00,0.573838
738866.6458333334,2022-12-11T15:30:00,0.573038
738866.6493055555,2022-12-11T15:35:00,0.571978
738866.6527777778,2022-12-11T15:40:00,0.570660
738866.6562500000,2022-12-11T15:45:00,0.569084
738866.6597222222,2022-12-11T15:50:00,0.567251
738866.6631944445,2022-12-11T15:55:00,0.565163
738866.6666666666,2022-12-11T16:00:00,0.562821
738866.6701388889,2022-12-11T16:05:00,0.560226
738866.6736111111,2022-12-11T16:10:00,0.557380
738866.6770833334,2022-12-11T16:15:00,0.554285
738866.6805555555,2022-12-11T16:20:00,0.550942
738866.6840277778,2022-12-11T16:25:00,0.547355
738866.6875000000,2022-12-11T16:30:00,0.543524
738866.6909722222,2022-12-11T16:35:00,0.539453
738866.6944444445,2022-12-11T16:40:00,0.535144
738866.6979166666,2022-12-11T16:45:00,0.530600
738866.7013888889,2022-12-11T16:50:00,0.525823
738866.7048611111,2022-12-11T16:55:00,0.520817
738866.7083333334,2022-12-11T17:00:00,0.515584
738866.7118055555,2022-12-11T17:05:00,0.510127
738866.7152777778,2022-12-11T17:10:00,0.504451
738866.7187500000,2022-12-11T17:15:00,0.498558
738866.7222222222,2022-12-11T17:20:00,0.492452
738866.7256944445,2022-12-11T17:25:00,0.486137
738866.7291666666,2022-12-11T17:30:00,0.479616
738866.7326388889,2022-12-11T17:35:00,0.472894
738866.7361111111,2022-12-11T17:40:00,0.465974
738866.7395833334,2022-12-11T17:45:00,0.458860
738866.7430555555,2022-12-11T17:50:00,0.451558
738866.7465277778,2022-12-11T17:55:00,0.444070
738866.7500000000,2022-12-11T18:00:00,0.436401
738866.7534722222,2022-12-11T18:05:00,0.428557
738866.7569444445,2022-12-11T18:10:00,0.420541
738866.7604166666,2022-12-11T18:15:00,0.412359
738866.7638888889,2022-12-11T18:20:00,0.404014
738866.7673611111,2022-12-11T18:25:00,0.395512
738866.7708333334,2022-12-11T18:30:00,0.386858
738866.7743055555,2022-12-11T18:35:00,0.378057
738866.7777777778,2022-12-11T18:40:00,0.369113
738866.7812500000,2022-12-11T18:45:00,0.360033
738866.7847222222,2022-12-11T18:50:00,0.350820
738866.7881944445,2022-12-11T18:55:00,0.341480
738866.7916666666,2022-12-11T19:00:00,0.332019
738866.7951388889,2022-12-11T19:05:00,0.322442
738866.7986111111,2022-12-11T19:10:00,0.312753
738866.8020833334,2022-12-11T19:15:00,0.302959
738866.8055555555,2022-12-11T19:20:00,0.293065
738866.8090277778,2022-12-11T19:25:00,0.283077
738866.8125000000,2022-12-11T19:30:00,0.272999
738866.8159722222,2022-12-11T19:35:00,0.262837
738866.8194444445,2022-12-11T19:40:00,0.252597
738866.8229166666,2022-12-11T19:45:00,0.242284
738866.8263888889,2022-12-11T19:50:00,0.231904
738866.8298611111,2022-12-11T19:55:00,0.221463
738866.8333333334,2022-12-11T20:00:00,0.210965
738866.8368055555,2022-12-11T20:05:00,0.200417
738866.8402777778,2022-12-11T20:10:00,0.189823
738866.8437500000,2022-12-11T20:15:00,0.179190
738866.8472222222,2022-12-11T20:20:00,0.168523
738866.8506944445,2022-12-11T20:25:00,0.157827
738866.8541666666,2022-12-11T20:30:00,0.147108
738866.8576388889,2022-12-11T20:35:00,0.136371
738866.8611111111,2022-12-11T20:40:00,0.125622
738866.8645833334,2022-12-11T20:45:00,0.114865
738866.8680555555,2022-12-11T20:50:00,0.104107
738866.8715277778,2022-12-11T20:55:00,0.093353
738866.8750000000,2022-12-11T21:00:00,0.082608
738866.8784722222,2022-12-11T21:05:00,0.071876
738866.8819444445,2022-12-11T21:10:00,0.061164
738866.8854166666,2022-12-11T21:15:00,0.050476
738866.8888888889,2022-12-11T21:20:00,0.039818
738866.8923611111,2022-12-11T21:25:00,0.029194
738866.8958333334,2022-12-11T21:30:00,0.018609
738866.8993055555,2022-12-11T21:35:00,0.008069
738866.9027777778,2022-12-11T21:40:00,-0.002422
738866.9062500000,2022-12-11T21:45:00,-0.012860
738866.9097222222,2022-12-11T21:50:00,-0.023239
738866.9131944445,2022-12-11T21:55:00,-0.033555
738866.9166666666,2022-12-11T22:00:00,-0.043803
738866.9201388889,2022-12-11T22:05:00,-0.053980
738866.9236111111,2022-12-11T22:10:00,-0.064080
738866.9270833334,2022-12-11T22:15:00,-0.074099
738866.9305555555,2022-12-11T22:20:00,-0.084033
738866.9340277778,2022-12-11T22:25:00,-0.093878
738866.9375000000,2022-12-11T22:30:00,-0.103629
738866.9409722222,2022-12-11T22:35:00,-0.113284
738866.9444444445,2022-12-11T22:40:00,-0.122837
738866.9479166666,2022-12-11T22:45:00,-0.132286
738866.9513888889,2022-12-11T22:50:00,-0.141625
738866.9548611111,2022-12-11T22:55:00,-0.150853
738866.9583333334,2022-12-11T23:00:00,-0.159965
738866.9618055555,2022-12-11T23:05:00,-0.168957
738866.9652777778,2022-12-11T23:10:00,-0.177827
738866.9687500000,2022-12-11T23:15:00,-0.186571
738866.9722222222,2022-12-11T23:20:00,-0.195185
738866.9756944445,2022-12-11T23:25:00,-0.203668
738866.9791666666,2022-12-11T23:30:00,-0.212015
738866.9826388889,2022-12-11T23:35:00,-0.220225
738866.9861111111,2022-12-11T23:40:00,-0.228293
738866.9895833334,2022-12-11T23:45:00,-0.236218
738866.9930555555,2022-12-11T23:50:00,-0.243997
738866.9965277778,2022-12-11T23:55:00,-0.251626
738867.0000000000,2022-12-12T00:00:00,-0.259105
738867.0034722222,2022-12-12T00:05:00,-0.266430
738867.0069444445,2022-12-12T00:10:00,-0.273599
738867.0104166666,2022-12-12T00:15:00,-0.280610
738867.0138888889,2022-12-12T00:20:00,-0.287461
738867.0173611111,2022-12-12T00:25:00,-0.294149
738867.0208333334,2022-12-12T00:30:00,-0.300674
738867.0243055555,2022-12-12T00:35:00,-0.307033
738867.0277777778,2022-12-12T00:40:00,-0.313224
738867.0312500000,2022-12-12T00:45:00,-0.319246
738867.0347222222,2022-12-12T00:50:00,-0.325097
738867.0381944445,2022-12-12T00:55:00,-0.330776
738867.0416666666,2022-12-12T01:00:00,-0.336281
738867.0451388889,2022-12-12T01:05:00,-0.341611
738867.0486111111,2022-12-12T01:10:00,-0.346765
738867.0520833334,2022-12-12T01:15:00,-0.351741
738867.0555555555,2022-12-12T01:20:00,-0.356539
738867.0590277778,2022-12-12T01:25:00,-0.361157
738867.0625000000,2022-12-12T01:30:00,-0.365595
738867.0659722222,2022-12-12T01:35:00,-0.369851
738867.0694444445,2022-12-12T01:40:00,-0.373925
738867.0729166666,2022-12-12T01:45:00,-0.377816
738867.0763888889,2022-12-12T01:50:00,-0.381524
738867.0798611111,2022-12-12T01:55:00,-0.385048
738867.0833333334,2022-12-12T02:00:00,-0.388386
738867.0868055555,2022-12-12T02:05:00,-0.391540
738867.0902777778,2022-12-12T02:10:00,-0.394508
738867.0937500000,2022-12-12T02:15:00,-0.397291
738867.0972222222,2022-12-12T02:20:00,-0.399887
738867.1006944445,2022-12-12T02:25:00,-0.402297
738867.1041666666,2022-12-12T02:30:00,-0.404520
738867.1076388889,2022-12-12T02:35:00,-0.406557
738867.1111111111,2022-12-12T02:40:00,-0.408407
738867.1145833334,2022-12-12T02:45:00,-0.410070
738867.1180555555,2022-12-12T02:50:00,-0.411547
738867.1215277778,2022-12-12T02:55:00,-0.412838
738867.1250000000,2022-12-12T03:00:00,-0.413942
738867.1284722222,2022-12-12T03:05:00,-0.414860
738867.1319444445,2022-12-12T03:10:00,-0.415592
738867.1354166666,2022-12-12T03:15:00,-0.416138
738867.1388888889,2022-12-12T03:20:00,-0.416499
738867.1423611111,2022-12-12T03:25:00,-0.416676
738867.1458333334,2022-12-12T03:30:00,-0.416668
738867.1493055555,2022-12-12T03:35:00,-0.416476
738867.1527777778,2022-12-12T03:40:00,-0.416101
738867.1562500000,2022-12-12T03:45:00,-0.415542
738867.1597222222,2022-12-12T03:50:00,-0.414802
738867.1631944445,2022-12-12T03:55:00,-0.413880
738867.1666666666,2022-12-12T04:00:00,-0.412777
738867.1701388889,2022-12-12T04:05:00,-0.411493
738867.1736111111,2022-12-12T04:10:00,-0.410031
738867.1770833334,2022-12-12T04:15:00,-0.408389
738867.1805555555,2022-12-12T04:20:00,-0.406570
738867.1840277778,2022-12-12T04:25:00,-0.404573
738867.1875000000,2022-12-12T04:30:00,-0.402400
738867.1909722222,2022-12-12T04:35:00,-0.400052
738867.1944444445,2022-12-12T04:40:00,-0.397530
738867.1979166666,2022-12-12T04:45:00,-0.394834
738867.2013888889,2022-12-12T04:50:00,-0.391966
738867.2048611111,2022-12-12T04:55:00,-0.388927
738867.2083333334,2022-12-12T05:00:00,-0.385718
738867.2118055555,2022-12-12T05:05:00,-0.382339
738867.2152777778,2022-12-12T05:10:00,-0.378793
738867.2187500000,2022-12-12T05:15:00,-0.375080
738867.2222222222,2022-12-12T05:20:00,-0.371202
738867.2256944445,2022-12-12T05:25:00,-0.367160
738867.2291666666,2022-12-12T05:30:00,-0.362954
738867.2326388889,2022-12-12T05:35:00,-0.358587
738867.2361111111,2022-12-12T05:40:00,-0.354060
738867.2395833334,2022-12-12T05:45:00,-0.349374
738867.2430555555,2022-12-12T05:50:00,-0.344531
738867.2465277778,2022-12-12T05:55:00,-0.339532
738867.2500000000,2022-12-12T06:00:00,-0.334379
738867.2534722222,2022-12-12T06:05:00,-0.329073
738867.2569444445,2022-12-12T06:10:00,-0.323615
738867.2604166666,2022-12-12T06:15:00,-0.318009
738867.2638888889,2022-12-12T06:20:00,-0.312254
738867.2673611111,2022-12-12T06:25:00,-0.306353
738867.2708333334,2022-12-12T06:30:00,-0.300308
738867.2743055555,2022-12-12T06:35:00,-0.294121
738867.2777777778,2022-12-12T06:40:00,-0.287793
738867.2812500000,2022-12-12T06:45:00,-0.281326
738867.2847222222,2022-12-12T06:50:00,-0.274722
738867.2881944445,2022-12-12T06:55:00,-0.267983
738867.2916666666,2022-12-12T07:00:00,-0.261112
738867.2951388889,2022-12-12T07:05:00,-0.254109
738867.2986111111,2022-12-12T07:10:00,-0.246979
738867.3020833334,2022-12-12T07:15:00,-0.239722
738867.3055555555,2022-12-12T07:20:00,-0.232340
738867.3090277778,2022-12-12T07:25:00,-0.224837
738867.3125000000,2022-12-12T07:30:00,-0.217215
738867.3159722222,2022-12-12T07:35:00,-0.209475
738867.3194444445,2022-12-12T07:40:00,-0.201621
738867.3229166666,2022-12-12T07:45:00,-0.193655
738867.3263888889,2022-12-12T07:50:00,-0.185579
738867.3298611111,2022-12-12T07:55:00,-0.177396
738867.3333333334,2022-12-12T08:00:00,-0.169109
738867.3368055555,2022-12-12T08:05:00,-0.160721
738867.3402777778,2022-12-12T08:10:00,-0.152233
738867.3437500000,2022-12-12T08:15:00,-0.143651
738867.3472222222,2022-12-12T08:20:00,-0.134975
738867.3506944445,2022-12-12T08:25:00,-0.126209
738867.3541666666,2022-12-12T08:30:00,-0.117357
738867.3576388889,2022-12-12T08:35:00,-0.108420
738867.3611111111,2022-12-12T08:40:00,-0.099404
738867.3645833334,2022-12-12T08:45:00,-0.090310
738867.3680555555,2022-12-12T08:50:00,-0.081141
738867.3715277778,2022-12-12T08:55:00,-0.071903
738867.3750000000,2022-12-12T09:00:00,-0.062596
738867.3784722222,2022-12-12T09:05:00,-0.053227
738867.3819444445,2022-12-12T09:10:00,-0.043796
738867.3854166666,2022-12-12T09:15:00,-0.034310
738867.3888888889,2022-12-12T09:20:00,-0.024770
738867.3923611111,2022-12-12T09:25:00,-0.015181
738867.3958333334,2022-12-12T09:30:00,-0.005547
738867.3993055555,2022-12-12T09:35:00,0.004129
738867.4027777778,2022-12-12T09:40:00,0.013843
738867.4062500000,2022-12-12T09:45:00,0.023590
738867.4097222222,2022-12-12T09:50:00,0.033367
738867.4131944445,2022-12-12T09:55:00,0.043170
738867.4166666666,2022-12-12T10:00:00,0.052994
738867.4201388889,2022-12-12T10:05:00,0.062835
738867.4236111111,2022-12-12T10:10:00,0.072690
738867.4270833334,2022-12-12T10:15:00,0.082553
738867.4305555555,2022-12-12T10:20:00,0.092421
738867.4340277778,2022-12-12T10:25:00,0.102289
738867.4375000000,2022-12-12T10:30:00,0.112152
738867.4409722222,2022-12-12T10:35:00,0.122007
738867.4444444445,2022-12-12T10:40:00,0.131848
738867.4479166666,2022-12-12T10:45:00,0.141671
738867.4513888889,2022-12-12T10:50:00,0.151471
738867.4548611111,2022-12-12T10:55:00,0.161244
738867.4583333334,2022-12-12T11:00:00,0.170986
738867.4618055555,2022-12-12T11:05:00,0.180691
738867.4652777778,2022-12-12T11:10:00,0.190354
738867.4687500000,2022-12-12T11:15:00,0.199971
738867.4722222222,2022-12-12T11:20:00,0.209538
738867.4756944445,2022-12-12T11:25:00,0.219049
738867.4791666666,2022-12-12T11:30:00,0.228499
738867.4826388889,2022-12-12T11:35:00,0.237884
738867.4861111111,2022-12-12T11:40:00,0.247198
738867.4895833334,2022-12-12T11:45:00,0.256438
738867.4930555555,2022-12-12T11:50:00,0.265598
738867.4965277778,2022-12-12T11:55:00,0.274672
738867.5000000000,2022-12-12T12:00:00,0.283658
738867.5034722222,2022-12-12T12:05:00,0.292548
738867.5069444445,2022-12-12T12:10:00,0.301340
738867.5104166666,2022-12-12T12:15:00,0.310027
738867.5138888889,2022-12-12T12:20:00,0.318604
738867.5173611111,2022-12-12T12:25:00,0.327068
738867.5208333334,2022-12-12T12:30:00,0.335414
738867.5243055555,2022-12-12T12:35:00,0.343636
738867.5277777778,2022-12-12T12:40:00,0.351730
738867.5312500000,2022-12-12T12:45:00,0.359690
738867.5347222222,2022-12-12T12:50:00,0.367514
738867.5381944445,2022-12-12T12:55:00,0.375195
738867.5416666666,2022-12-12T13:00:00,0.382730
738867.5451388889,2022-12-12T13:05:00,0.390113
738867.5486111111,2022-12-12T13:10:00,0.397340
738867.5520833334,2022-12-12T13:15:00,0.404408
738867.5555555555,2022-12-12T13:20:00,0.411311
738867.5590277778,2022-12-12T13:25:00,0.418045
738867.5625000000,2022-12-12T13:30:00,0.424606
738867.5659722222,2022-12-12T13:35:00,0.430991
738867.5694444445,2022-12-12T13:40:00,0.437193
738867.5729166666,2022-12-12T13:45:00,0.443211
738867.5763888889,2022-12-12T13:50:00,0.449040
738867.5798611111,2022-12-12T13:55:00,0.454676
738867.5833333334,2022-12-12T14:00:00,0.460115
738867.5868055555,2022-12-12T14:05:00,0.465354
738867.5902777778,2022-12-12T14:10:00,0.470390
738867.5937500000,2022-12-12T14:15:00,0.475218
738867.5972222222,2022-12-12T14:20:00,0.479836
738867.6006944445,2022-12-12T14:25:00,0.484240
738867.6041666666,2022-12-12T14:30:00,0.488428
738867.6076388889,2022-12-12T14:35:00,0.492396
738867.6111111111,2022-12-12T14:40:00,0.496141
738867.6145833334,2022-12-12T14:45:00,0.499662
738867.6180555555,2022-12-12T14:50:00,0.502954
738867.6215277778,2022-12-12T14:55:00,0.506016
738867.6250000000,2022-12-12T15:00:00,0.508846
738867.6284722222,2022-12-12T15:05:00,0.511441
738867.6319444445,2022-12-12T15:10:00,0.513799
738867.6354166666,2022-12-12T15:15:00,0.515918
738867.6388888889,2022-12-12T15:20:00,0.517797
738867.6423611111,2022-12-12T15:25:00,0.519434
738867.6458333334,2022-12-12T15:30:00,0.520828
738867.6493055555,2022-12-12T15:35:00,0.521976
738867.6527777778,2022-12-12T15:40:00,0.522879
738867.6562500000,2022-12-12T15:45:00,0.523535
738867.6597222222,2022-12-12T15:50:00,0.523943
738867.6631944445,2022-12-12T15:55:00,0.524102
738867.6666666666,2022-12-12T16:00:00,0.524013
738867.6701388889,2022-12-12T16:05:00,0.523674
738867.6736111111,2022-12-12T16:10:00,0.523085
738867.6770833334,2022-12-12T16:15:00,0.522247
738867.6805555555,2022-12-12T16:20:00,0.521159
738867.6840277778,2022-12-12T16:25:00,0.519822
738867.6875000000,2022-12-12T16:30:00,0.518237
738867.6909722222,2022-12-12T16:35:00,0.516403
738867.6944444445,2022-12-12T16:40:00,0.514322
738867.6979166666,2022-12-12T16:45:00,0.511995
738867.7013888889,2022-12-12T16:50:00,0.509423
738867.7048611111,2022-12-12T16:55:00,0.506606
738867.7083333334,2022-12-12T17:00:00,0.503547
738867.7118055555,2022-12-12T17:05:00,0.500248
738867.7152777778,2022-12-12T17:10:00,0.496709
738867.7187500000,2022-12-12T17:15:00,0.492933
738867.7222222222,2022-12-12T17:20:00,0.488922
738867.7256944445,2022-12-12T17:25:00,0.484678
738867.7291666666,2022-12-12T17:30:00,0.480204
738867.7326388889,2022-12-12T17:35:00,0.475502
738867.7361111111,2022-12-12T17:40:00,0.470575
738867.7395833334,2022-12-12T17:45:00,0.465426
738867.7430555555,2022-12-12T17:50:00,0.460058
738867.7465277778,2022-12-12T17:55:00,0.454473
738867.7500000000,2022-12-12T18:00:00,0.448677
738867.7534722222,2022-12-12T18:05:00,0.442671
738867.7569444445,2022-12-12T18:10:00,0.436459
738867.7604166666,2022-12-12T18:15:00,0.430046
738867.7638888889,2022-12-12T18:20:00,0.423435
738867.7673611111,2022-12-12T18:25:00,0.416630
738867.7708333334,2022-12-12T18:30:00,0.409635
738867.7743055555,2022-12-12T18:35:00,0.402455
738867.7777777778,2022-12-12T18:40:00,0.395093
738867.7812500000,2022-12-12T18:45:00,0.387555
738867.7847222222,2022-12-12T18:50:00,0.379846
738867.7881944445,2022-12-12T18:55:00,0.371968
738867.7916666666,2022-12-12T19:00:00,0.363929
738867.7951388889,2022-12-12T19:05:00,0.355732
738867.7986111111,2022-12-12T19:10:00,0.347382
738867.8020833334,2022-12-12T19:15:00,0.338886
738867.8055555555,2022-12-12T19:20:00,0.330247
738867.8090277778,2022-12-12T19:25:00,0.321471
738867.8125000000,2022-12-12T19:30:00,0.312564
738867.8159722222,2022-12-12T19:35:00,0.303530
738867.8194444445,2022-12-12T19:40:00,0.294377
738867.8229166666,2022-12-12T19:45:00,0.285108
738867.8263888889,2022-12-12T19:50:00,0.275730
738867.8298611111,2022-12-12T19:55:00,0.266248
738867.8333333334,2022-12-12T20:00:00,0.256669
738867.8368055555,2022-12-12T20:05:00,0.246997
738867.8402777778,2022-12-12T20:10:00,0.237239
738867.8437500000,2022-12-12T20:15:00,0.227401
738867.8472222222,2022-12-12T20:20:00,0.217488
738867.8506944445,2022-12-12T20:25:00,0.207507
738867.8541666666,2022-12-12T20:30:00,0.197462
738867.8576388889,2022-12-12T20:35:00,0.187362
738867.8611111111,2022-12-12T20:40:00,0.177210
738867.8645833334,2022-12-12T20:45:00,0.167013
738867.8680555555,2022-12-12T20:50:00,0.156778
738867.8715277778,2022-12-12T20:55:00,0.146510
738867.8750000000,2022-12-12T21:00:00,0.136215
738867.8784722222,2022-12-12T21:05:00,0.125898
738867.8819444445,2022-12-12T21:10:00,0.115567
738867.8854166666,2022-12-12T21:15:00,0.105226
738867.8888888889,2022-12-12T21:20:00,0.094882
738867.8923611111,2022-12-12T21:25:00,0.084540
738867.8958333334,2022-12-12T21:30:00,0.074206
738867.8993055555,2022-12-12T21:35:00,0.063886
738867.9027777778,2022-12-12T21:40:00,0.053586
738867.9062500000,2022-12-12T21:45:00,0.043311
738867.9097222222,2022-12-12T21:50:00,0.033066
738867.9131944445,2022-12-12T21:55:00,0.022858
738867.9166666666,2022-12-12T22:00:00,0.012691
738867.9201388889,2022-12-12T22:05:00,0.002572
738867.9236111111,2022-12-12T22:10:00,-0.007495
738867.9270833334,2022-12-12T22:15:00,-0.017505
738867.9305555555,2022-12-12T22:20:00,-0.027452
738867.9340277778,2022-12-12T22:25:00,-0.037331
738867.9375000000,2022-12-12T22:30:00,-0.047137
738867.9409722222,2022-12-12T22:35:00,-0.056866
738867.9444444445,2022-12-12T22:40:00,-0.066513
738867.9479166666,2022-12-12T22:45:00,-0.076072
738867.9513888889,2022-12-12T22:50:00,-0.085540
738867.9548611111,2022-12-12T22:55:00,-0.094911
738867.9583333334,2022-12-12T23:00:00,-0.104183
738867.9618055555,2022-12-12T23:05:00,-0.113349
738867.9652777778,2022-12-12T23:10:00,-0.122406
738867.9687500000,2022-12-12T23:15:00,-0.131351
738867.9722222222,2022-12-12T23:20:00,-0.140179
738867.9756944445,2022-12-12T23:25:00,-0.148886
738867.9791666666,2022-12-12T23:30:00,-0.157468
738867.9826388889,2022-12-12T23:35:00,-0.165923
738867.9861111111,2022-12-12T23:40:00,-0.174246
738867.9895833334,2022-12-12T23:45:00,-0.182434
738867.9930555555,2022-12-12T23:50:00,-0.190484
738867.9965277778,2022-12-12T23:55:00,-0.198394
738868.0000000000,2022-12-13T00:00:00,-0.206159
738868.0034722222,2022-12-13T00:05:00,-0.213777
738868.0069444445,2022-12-13T00:10:00,-0.221246
738868.0104166666,2022-12-13T00:15:00,-0.228562
738868.0138888889,2022-12-13T00:20:00,-0.235724
738868.0173611111,2022-12-13T00:25:00,-0.242728
738868.0208333334,2022-12-13T00:30:00,-0.249574
738868.0243055555,2022-12-13T00:35:00,-0.256258
738868.0277777778,2022-12-13T00:40:00,-0.262779
738868.0312500000,2022-12-13T00:45:00,-0.269134
738868.0347222222,2022-12-13T00:50:00,-0.275323
738868.0381944445,2022-12-13T00:55:00,-0.281343
738868.0416666666,2022-12-13T01:00:00,-0.287193
738868.0451388889,2022-12-13T01:05:00,-0.292872
738868.0486111111,2022-12-13T01:10:00,-0.298378
738868.0520833334,2022-12-13T01:15:00,-0.303710
738868.0555555555,2022-12-13T01:20:00,-0.308867
738868.0590277778,2022-12-13T01:25:00,-0.313849
738868.0625000000,2022-12-13T01:30:00,-0.318655
738868.0659722222,2022-12-13T01:35:00,-0.323283
738868.0694444445,2022-12-13T01:40:00,-0.327733
738868.0729166666,2022-12-13T01:45:00,-0.332005
738868.0763888889,2022-12-13T01:50:00,-0.336098
738868.0798611111,2022-12-13T01:55:00,-0.340013
738868.0833333334,2022-12-13T02:00:00,-0.343748
738868.0868055555,2022-12-13T02:05:00,-0.347304
738868.0902777778,2022-12-13T02:10:00,-0.350681
738868.0937500000,2022-12-13T02:15:00,-0.353879
738868.0972222222,2022-12-13T02:20:00,-0.356898
738868.1006944445,2022-12-13T02:25:00,-0.359739
738868.1041666666,2022-12-13T02:30:00,-0.362401
738868.1076388889,2022-12-13T02:35:00,-0.364885
738868.1111111111,2022-12-13T02:40:00,-0.367192
738868.1145833334,2022-12-13T02:45:00,-0.369322
738868.1180555555,2022-12-13T02:50:00,-0.371276
738868.1215277778,2022-12-13T02:55:00,-0.373055
738868.1250000000,2022-12-13T03:00:00,-0.374659
738868.1284722222,2022-12-13T03:05:00,-0.376089
738868.1319444445,2022-12-13T03:10:00,-0.377347
738868.1354166666,2022-12-13T03:15:00,-0.378432
738868.1388888889,2022-12-13T03:20:00,-0.379347
738868.1423611111,2022-12-13T03:25:00,-0.380091
738868.1458333334,2022-12-13T03:30:00,-0.380668
738868.1493055555,2022-12-13T03:35:00,-0.381076
738868.1527777778,2022-12-13T03:40:00,-0.381318
738868.1562500000,2022-12-13T03:45:00,-0.381395
738868.1597222222,2022-12-13T03:50:00,-0.381308
738868.1631944445,2022-12-13T03:55:00,-0.381059
738868.1666666666,2022-12-13T04:00:00,-0.380648
738868.1701388889,2022-12-13T04:05:00,-0.380077
738868.1736111111,2022-12-13T04:10:00,-0.379348
738868.1770833334,2022-12-13T04:15:00,-0.378462
738868.1805555555,2022-12-13T04:20:00,-0.377420
738868.1840277778,2022-12-13T04:25:00,-0.376224
738868.1875000000,2022-12-13T04:30:00,-0.374876
738868.1909722222,2022-12-13T04:35:00,-0.373376
738868.1944444445,2022-12-13T04:40:00,-0.371726
738868.1979166666,2022-12-13T04:45:00,-0.369928
738868.2013888889,2022-12-13T04:50:00,-0.367983
738868.2048611111,2022-12-13T04:55:00,-0.365893
738868.2083333334,2022-12-13T05:00:00,-0.363659
738868.2118055555,2022-12-13T05:05:00,-0.361284
738868.2152777778,2022-12-13T05:10:00,-0.358767
738868.2187500000,2022-12-13T05:15:00,-0.356111
738868.2222222222,2022-12-13T05:20:00,-0.353318
738868.2256944445,2022-12-13T05:25:00,-0.350389
738868.2291666666,2022-12-13T05:30:00,-0.347325
738868.2326388889,2022-12-13T05:35:00,-0.344128
738868.2361111111,2022-12-13T05:40:00,-0.340800
738868.2395833334,2022-12-13T05:45:00,-0.337341
738868.2430555555,2022-12-13T05:50:00,-0.333754
738868.2465277778,2022-12-13T05:55:00,-0.330040
738868.2500000000,2022-12-13T06:00:00,-0.326201
738868.2534722222,2022-12-13T06:05:00,-0.322237
738868.2569444445,2022-12-13T06:10:00,-0.318151
738868.2604166666,2022-12-13T06:15:00,-0.313944
738868.2638888889,2022-12-13T06:20:00,-0.309618
738868.2673611111,2022-12-13T06:25:00,-0.305173
738868.2708333334,2022-12-13T06:30:00,-0.300611
738868.2743055555,2022-12-13T06:35:00,-0.295934
738868.2777777778,2022-12-13T06:40:00,-0.291144
738868.2812500000,2022-12-13T06:45:00,-0.286241
738868.2847222222,2022-12-13T06:50:00,-0.281227
738868.2881944445,2022-12-13T06:55:00,-0.276103
738868.2916666666,2022-12-13T07:00:00,-0.270871
738868.2951388889,2022-12-13T07:05:00,-0.265533
738868.2986111111,2022-12-13T07:10:00,-0.260090
738868.3020833334,2022-12-13T07:15:00,-0.254542
738868.3055555555,2022-12-13T07:20:00,-0.248893
738868.3090277778,2022-12-13T07:25:00,-0.243142
738868.3125000000,2022-12-13T07:30:00,-0.237292
738868.3159722222,2022-12-13T07:35:00,-0.231344
738868.3194444445,2022-12-13T07:40:00,-0.225299
738868.3229166666,2022-12-13T07:45:00,-0.219159
738868.3263888889,2022-12-13T07:50:00,-0.212926
738868.3298611111,2022-12-13T07:55:00,-0.206600
738868.3333333334,2022-12-13T08:00:00,-0.200184
738868.3368055555,2022-12-13T08:05:00,-0.193679
738868.3402777778,2022-12-13T08:10:00,-0.187086
738868.3437500000,2022-12-13T08:15:00,-0.180408
738868.3472222222,2022-12-13T08:20:00,-0.173644
738868.3506944445,2022-12-13T08:25:00,-0.166799
738868.3541666666,2022-12-13T08:30:00,-0.159872
738868.3576388889,2022-12-13T08:35:00,-0.152865
738868.3611111111,2022-12-13T08:40:00,-0.145781
738868.3645833334,2022-12-13T08:45:00,-0.138622
738868.3680555555,2022-12-13T08:50:00,-0.131387
738868.3715277778,2022-12-13T08:55:00,-0.124081
738868.3750000000,2022-12-13T09:00:00,-0.116704
738868.3784722222,2022-12-13T09:05:00,-0.109258
738868.3819444445,2022-12-13T09:10:00,-0.101746
738868.3854166666,2022-12-13T09:15:00,-0.094169
738868.3888888889,2022-12-13T09:20:00,-0.086530
738868.3923611111,2022-12-13T09:25:00,-0.078830
738868.3958333334,2022-12-13T09:30:00,-0.071071
738868.3993055555,2022-12-13T09:35:00,-0.063256
738868.4027777778,2022-12-13T09:40:00,-0.055388
738868.4062500000,2022-12-13T09:45:00,-0.047467
738868.4097222222,2022-12-13T09:50:00,-0.039497
738868.4131944445,2022-12-13T09:55:00,-0.031481
738868.4166666666,2022-12-13T10:00:00,-0.023419
738868.4201388889,2022-12-13T10:05:00,-0.015316
738868.4236111111,2022-12-13T10:10:00,-0.007173
738868.4270833334,2022-12-13T10:15:00,0.001006
738868.4305555555,2022-12-13T10:20:00,0.009220
738868.4340277778,2022-12-13T10:25:00,0.017464
738868.4375000000,2022-12-13T10:30:00,0.025738
738868.4409722222,2022-12-13T10:35:00,0.034036
738868.4444444445,2022-12-13T10:40:00,0.042358
738868.4479166666,2022-12-13T10:45:00,0.050698
738868.4513888889,2022-12-13T10:50:00,0.059056
738868.4548611111,2022-12-13T10:55:00,0.067426
738868.4583333334,2022-12-13T11:00:00,0.075807
738868.4618055555,2022-12-13T11:05:00,0.084194
738868.4652777778,2022-12-13T11:10:00,0.092584
738868.4687500000,2022-12-13T11:15:00,0.100975
738868.4722222222,2022-12-13T11:20:00,0.109362
738868.4756944445,2022-12-13T11:25:00,0.117742
738868.4791666666,2022-12-13T11:30:00,0.126112
738868.4826388889,2022-12-13T11:35:00,0.134467
738868.4861111111,2022-12-13T11:40:00,0.142804
738868.4895833334,2022-12-13T11:45:00,0.151119
738868.4930555555,2022-12-13T11:50:00,0.159409
738868.4965277778,2022-12-13T11:55:00,0.167669
738868.5000000000,2022-12-13T12:00:00,0.175895
