depth_m,pooled,formal,scatter,chi2dof,coh,nval,v_GL1,e_GL1,v_GL2,e_GL2,v_GL3,e_GL3,v_GL4,e_GL4
30.0,0.8488,0.5047,2.4637,2.0664,0.8591,258,1.1179,0.6240,0.2830,1.1976,-2.9163,1.8600,2.9860,1.6430
32.0,1.4195,0.3695,0.3583,0.1100,0.8589,257,1.2262,0.5988,1.2179,1.0675,1.5774,0.5500,1.9739,1.6882
34.0,0.4019,0.5561,1.3276,1.0482,0.8686,256,0.8212,0.7071,1.3083,1.7884,-1.6630,1.3035,0.6829,1.7350
36.0,0.1839,0.5108,2.4993,3.1378,0.8677,255,0.5140,0.6748,-2.4871,2.0950,-1.6933,1.0663,3.0835,1.3746
38.0,0.9531,0.5517,1.4087,0.7569,0.8614,254,0.8542,0.7138,-0.6143,2.2584,0.3780,1.2495,2.7439,1.4348
40.0,1.3479,0.5479,1.1862,0.7940,0.8681,254,1.4701,0.7937,-0.3896,1.3237,1.7827,1.2244,2.3509,1.4057
42.0,1.5974,0.5478,2.0258,2.0759,0.8642,254,1.4567,0.8847,-1.1787,1.5113,1.6887,0.9925,3.7622,1.2891
44.0,1.5708,0.6752,2.7706,2.2635,0.8633,252,1.5595,1.0517,-2.6933,2.9609,-0.0135,1.3208,3.9041,1.2888
46.0,1.1463,0.7098,1.7057,1.3259,0.8543,252,0.5383,1.2651,-0.7645,3.2589,0.0099,1.2568,3.1672,1.2569
48.0,1.6546,0.7955,1.2944,0.5077,0.8440,250,2.1842,1.2311,-0.0151,3.5390,0.2532,1.5572,2.4995,1.5282
50.0,2.9308,0.8416,2.4231,1.0371,0.8167,248,3.7788,1.2002,4.5574,2.9153,-0.9276,2.5988,2.4687,1.4877
52.0,4.3022,0.8662,1.4231,0.4876,0.8254,246,4.0767,1.1752,6.2784,2.0044,4.1807,2.6166,2.8489,2.1621
54.0,4.0655,0.8178,2.1690,0.8815,0.8338,245,4.4198,1.0398,4.7407,1.8683,5.0534,3.0110,0.4309,2.4017
56.0,3.7754,0.7848,2.5885,1.2653,0.8293,243,4.3707,0.9193,2.8737,2.3608,4.8336,2.9185,-0.8732,2.6406
58.0,3.3622,0.6934,3.2134,3.1108,0.8302,242,4.1020,0.8143,5.0829,2.5860,4.6847,2.8583,-1.7528,1.8256
60.0,3.1719,0.6653,3.8269,3.4191,0.8369,241,3.3107,0.7754,7.1919,2.2009,5.0717,2.8132,-1.7734,1.9497
62.0,2.3494,0.6782,4.4855,4.6820,0.8315,240,1.8096,0.7859,8.6828,2.0815,4.5710,2.8447,-1.9489,2.2326
64.0,2.5980,0.7243,1.7212,0.8798,0.8282,238,1.9623,0.9018,4.3454,1.8515,5.3718,2.5753,1.9720,2.0673
66.0,3.8590,0.7620,2.2268,1.6870,0.8279,236,2.6410,0.9883,7.8668,2.5259,4.3542,1.7784,5.9077,2.1050
68.0,4.2030,0.6974,0.8616,0.3982,0.8212,235,3.6423,0.9348,5.6180,1.6012,4.5756,1.7216,4.0081,2.3282
70.0,4.1965,0.5872,2.1573,1.1822,0.8233,234,3.6425,1.1951,5.8598,1.6907,4.4708,0.7758,0.7501,2.3033
72.0,2.7807,0.6131,1.5759,0.5719,0.8195,230,2.4195,1.1829,4.5227,2.5233,3.0849,0.8027,0.7246,2.0540
74.0,2.6308,0.6800,1.0498,0.5656,0.8130,228,1.9707,1.1637,3.2321,2.0704,3.5441,1.0792,1.3163,1.7343
76.0,2.9035,0.5910,0.7660,0.2905,0.8135,226,1.9840,1.2020,3.8394,2.1585,3.1373,0.7818,3.0692,1.7671
78.0,2.7631,0.5951,0.3044,0.0518,0.7974,224,2.5672,1.1562,3.2062,1.5755,2.6414,0.9065,3.0173,1.4807
80.0,2.5414,0.4747,3.1379,6.8420,0.7974,221,0.6470,0.8215,7.5500,1.3858,3.2261,0.7623,1.1729,1.1824
82.0,2.0777,0.6856,2.5256,3.4573,0.8055,220,3.0848,1.2812,5.4078,1.7148,2.7951,1.5076,-0.7147,1.1638
84.0,2.5001,0.5451,0.5410,0.2438,0.8109,218,2.6813,1.2398,3.1889,1.4725,2.7373,0.9479,1.8872,0.9361
86.0,2.2839,0.6934,1.0690,0.4601,0.8124,215,2.4389,1.2815,3.0199,1.3419,0.5741,1.6732,2.4764,1.3380
88.0,3.3022,0.6597,1.8391,1.2546,0.8150,209,3.1618,0.9545,1.3999,1.8553,0.6707,2.5541,4.7698,1.1497
90.0,1.9670,0.6063,1.8187,0.7807,0.8036,202,2.2687,0.9667,3.2509,1.5449,-1.0017,2.4944,1.6086,0.9666
92.0,2.8875,0.6724,2.4394,1.3606,0.8052,200,3.7861,1.0598,3.7525,1.5775,-1.4020,2.6008,2.2219,1.1384
94.0,2.7737,0.6977,1.7486,0.8746,0.8084,196,3.6172,1.0147,1.7578,1.7123,-0.4195,2.5404,2.8113,1.3054
96.0,2.8191,0.6875,1.3036,0.8008,0.8036,193,3.7313,0.9255,1.9828,2.2823,0.5529,2.5778,1.8890,1.2849
98.0,1.9139,0.6517,3.0731,2.5958,0.8048,191,2.7533,0.7697,1.9808,2.2467,-4.1120,2.4695,0.4597,1.8134
100.0,1.8788,0.6099,1.5948,1.4605,0.7998,190,2.9441,0.9292,3.3889,1.8961,0.9453,1.1858,0.0479,1.3598
102.0,2.5019,0.6162,1.5063,1.5031,0.7786,188,3.6058,0.8916,3.2963,1.6718,0.8761,1.2412,0.8269,1.6467
104.0,2.1971,0.5666,1.5978,1.8169,0.7849,186,3.2279,0.7534,0.3512,1.7279,1.7339,1.2154,-0.3952,1.7122
106.0,1.3311,0.4663,0.6583,0.2081,0.7761,185,1.4414,0.8910,1.0382,1.6217,1.4765,0.6160,0.0635,1.7567
108.0,1.6269,0.5597,1.5040,1.0346,0.7778,185,1.5121,0.8488,-0.6352,1.5985,1.9702,1.1013,2.9210,1.3035
110.0,0.7658,0.4968,1.1222,1.6513,0.7731,184,1.8231,0.6905,-0.2902,1.8620,-0.1930,1.0004,-0.6678,1.2253
112.0,1.6315,0.6344,1.0065,0.4075,0.7733,184,1.3482,0.9716,3.2586,1.7078,1.7507,1.2970,0.9584,1.4311
114.0,0.1048,0.6141,0.3949,0.0676,0.7661,182,0.0288,0.8322,0.4364,1.6874,-0.2406,1.3782,0.6353,1.7401
116.0,0.5036,0.5799,1.0071,0.6270,0.7669,181,-0.2218,0.8508,2.2336,1.7153,0.8306,1.0578,0.8432,1.6692
118.0,0.8984,0.5406,1.8220,0.9541,0.7694,178,0.9798,0.7159,-1.8903,2.0372,0.7890,1.0850,2.4915,1.6215
120.0,0.9239,0.5909,2.2140,3.1916,0.7736,178,1.7014,1.0018,-1.9127,1.2361,0.3028,1.2881,3.3095,1.2799
122.0,0.9348,0.6054,0.6828,0.3596,0.7669,175,1.1191,0.9998,0.8072,2.2923,0.0963,1.0846,1.7382,1.2056
124.0,0.9623,0.5383,1.0793,0.6177,0.7809,173,1.1468,0.8637,-0.6840,1.3694,1.2074,0.9228,1.8129,1.5750
126.0,0.4705,0.5483,1.0409,0.7443,0.7885,172,1.0695,0.8491,-1.2974,1.3485,0.5962,0.9996,0.5105,1.6043
128.0,0.3508,0.5763,1.5698,1.4250,0.7909,172,1.5142,0.8763,-2.1484,1.9543,-0.5730,0.9937,0.5226,1.5175
130.0,2.0528,0.5056,1.8164,2.4546,0.7938,171,1.9469,0.9197,3.2525,1.2640,-0.7416,1.2127,2.9479,0.8381
132.0,1.0503,0.5630,1.3185,1.8302,0.7843,169,2.3113,0.7809,-0.5293,1.7007,-0.3633,1.0820,0.0538,1.7805
134.0,1.2282,0.6422,1.4700,0.8491,0.7884,169,1.4763,0.9300,3.2564,2.2233,-0.3186,1.2684,1.8223,1.4991
136.0,1.1985,0.6684,0.5680,0.1684,0.7873,168,0.6680,1.0506,2.0545,1.9876,1.4502,1.4503,1.4375,1.2869
138.0,1.4386,0.6246,0.7319,0.2746,0.7882,167,1.3327,0.9391,2.2812,1.5336,0.7429,1.2085,2.1849,1.7704
140.0,1.0977,0.6380,0.8841,0.3177,0.7875,166,0.9058,0.9527,0.8130,1.8545,0.7476,1.1940,2.5855,1.6603
142.0,0.7573,0.5629,1.1110,0.6553,0.7968,164,0.9821,0.7751,1.7808,2.3421,-0.7514,1.2523,1.3549,1.2206
144.0,1.3654,0.5669,1.6726,1.6458,0.8030,164,0.9010,0.9469,1.4408,1.9561,0.6536,0.8919,4.2784,1.4460
146.0,1.7523,0.5418,1.8609,1.8224,0.8060,162,2.3271,0.7552,-0.4021,1.9907,0.2766,1.0399,3.6439,1.4495
148.0,1.1824,0.5682,0.5775,0.1709,0.7934,162,1.2225,0.8511,0.6461,2.3538,0.8000,1.0087,1.9368,1.3446
150.0,1.3645,0.5819,0.5130,0.1213,0.7910,160,1.2094,0.7935,2.1141,2.1467,1.9016,1.4007,1.0666,1.2519
152.0,1.3757,0.6431,1.8977,1.5163,0.8025,160,2.0345,0.8856,3.3371,2.5764,1.7653,1.4562,-1.1595,1.3863
154.0,0.9462,0.6875,0.8267,0.2768,0.8037,159,0.4983,0.9419,1.7781,1.6742,1.6791,1.4652,0.1432,2.4535
156.0,0.7908,0.6289,0.8558,0.2927,0.7918,158,0.3855,0.8196,0.4068,2.2861,1.4490,1.2148,2.1414,2.4194
158.0,0.8563,0.5376,0.2769,0.0563,0.7968,157,1.0071,0.8965,1.2637,1.8941,0.5924,0.8742,0.9263,1.2615
160.0,1.1322,0.5414,0.9713,0.4097,0.8067,157,1.5081,0.7536,2.4147,2.1475,0.5098,0.9154,0.3146,2.0357
162.0,0.5629,0.4954,0.8383,0.3426,0.8058,157,0.2977,0.8367,0.3048,1.2981,0.5218,0.7794,2.0383,1.5683
164.0,-0.0836,0.5459,0.5654,0.1944,0.8224,157,0.0291,0.8389,0.6440,1.6548,0.0764,1.1682,-0.7333,1.0935
166.0,1.6824,0.5792,3.3243,7.1841,0.8150,156,-0.6935,0.9173,3.7421,1.5695,1.2004,1.0383,6.9835,1.4756
168.0,-0.2942,0.5858,2.0173,2.2167,0.8008,156,-1.4327,0.8674,2.2920,2.0362,-0.5439,1.0242,2.5922,1.6000
170.0,-0.9605,0.6042,1.5741,1.1935,0.8209,156,-1.7046,0.7693,2.0427,2.0252,-0.5273,1.3041,0.2817,2.1439
172.0,-0.6034,0.6700,1.1843,0.8056,0.8210,156,-1.7514,1.0334,0.0311,1.5659,-0.0558,1.2912,1.1160,1.8775
174.0,-0.9336,0.5632,0.6446,0.1845,0.8174,156,-1.0575,0.8910,-0.0377,1.4493,-0.9717,0.9688,-1.5884,1.6878
176.0,-1.0233,0.6234,1.3697,0.7137,0.8221,156,-0.8313,0.9304,-1.3790,1.3496,-2.1595,1.3241,1.0566,1.8293
178.0,-1.2626,0.5383,1.5098,1.4323,0.8148,156,-1.0264,0.9820,-2.2586,0.7810,0.2806,1.3303,1.1935,2.1819
180.0,-0.4828,0.6318,1.7012,1.0001,0.8111,156,-0.8318,0.9912,-2.0412,1.5122,0.0019,1.1278,2.0030,1.9473
182.0,-1.5988,0.3251,2.0344,3.3981,0.8270,154,-1.1153,0.8831,-2.0165,0.3663,1.7304,1.4480,2.0540,2.0085
184.0,-0.5506,0.6583,0.8823,0.3934,0.8074,153,-1.0871,0.9665,-1.0807,1.6139,0.1429,1.4260,0.6579,1.6633
186.0,-0.2801,0.6444,2.0684,1.1657,0.8110,152,-0.7183,0.8451,-1.0138,1.7620,-0.2201,1.4674,3.4339,2.1255
188.0,-0.1855,0.5191,2.9008,3.5375,0.8317,150,-1.0391,0.7460,-0.8764,0.9260,2.0567,1.3722,5.1032,2.1454
190.0,-0.0735,0.6143,2.4846,4.2258,0.8341,150,-1.8485,0.8689,0.2365,1.3991,0.5539,1.7017,4.1363,1.4596
192.0,-0.6823,0.5965,2.4371,4.6376,0.8287,150,-2.4002,0.7964,0.0320,1.5969,0.3785,1.6784,3.5372,1.4339
194.0,-2.0415,0.6567,2.3522,2.2762,0.8243,150,-2.3021,0.9290,-4.6144,1.4440,0.6296,1.7478,-0.1685,1.6825
196.0,-1.3501,0.6375,3.1475,4.7509,0.8305,149,-2.9505,0.7954,0.9924,1.6601,-0.0240,1.8088,4.6734,2.1741
198.0,-1.7788,0.6305,1.8483,2.2671,0.8269,148,-3.0529,0.8221,-1.3873,2.1232,-0.1270,1.4232,1.2920,1.7676
200.0,-2.1495,0.5823,1.2478,0.9840,0.8191,147,-2.7673,0.6930,-0.8512,2.2534,-1.0279,1.4869,0.2505,2.1414
202.0,-1.8052,0.6327,1.5686,1.5335,0.8189,146,-2.7992,0.7991,0.2997,1.9634,-0.8767,1.5298,0.6957,2.0183
204.0,-1.9869,0.6177,2.3588,3.4037,0.8192,146,-3.3450,0.7602,1.3472,2.0666,-0.2690,1.4843,1.9099,2.2214
206.0,-1.7577,0.6283,1.2717,0.9594,0.8252,145,-2.4935,0.7798,-1.5381,2.5774,-0.4090,1.3922,0.4080,2.1215
208.0,-1.8416,0.6138,1.7600,1.8534,0.8195,145,-2.8621,0.7697,-1.2244,2.8722,-0.4009,1.2894,1.3687,2.0272
210.0,-2.5132,0.6702,1.7453,1.9712,0.8292,144,-3.6235,0.8150,-1.1398,2.5385,-0.0150,1.7792,0.1659,2.0005
212.0,-2.8133,0.6129,2.1637,2.7374,0.8157,144,-3.9095,0.7287,0.3892,2.1959,-0.8944,1.5718,0.9245,2.4479
214.0,-1.9307,0.5993,1.8222,1.5613,0.8198,143,-2.8244,0.7407,1.6294,2.9433,-0.5714,1.3672,-0.3495,1.7943
216.0,-2.1416,0.6585,1.6174,1.5696,0.8226,142,-3.0868,0.8618,-0.9426,2.4929,0.3389,1.3978,-2.8033,1.8664
218.0,-2.4406,0.6511,1.9081,2.4262,0.8299,142,-3.7633,0.8173,0.5318,2.6671,-0.1274,1.4350,-0.5756,2.0610
220.0,-1.4306,0.6595,2.4778,4.3351,0.8304,142,-3.4668,0.8719,2.0174,1.7904,0.8653,1.3652,1.3085,2.7187
